reviewer_decision_key,profile_workbench_key,person_key,display_name,role,program_name,candidate_url,reviewer_decision,decision_status,accepted_official_profile_url,decision_blocker,profile_fingerprint,decision_profile_fingerprint,person_identity_confirmed,official_source_confirmed,profile_context_confirmed,source_hash_confirmed,display_safety_confirmed,reviewer_name,decided_at,recommended_next_action,evidence_json,audited_at
official_profile_reviewer_decision_cc95b6ce7d09f06dfe55,official_profile_workbench_981c82e7c6682d77f4e7,person_allan-stolarski-md-ms_bb615dd872ac,"Allan Stolarski, MD, MS",fellow,Trauma and Surgical Critical Care Fellowship,https://www3.pennmedicine.org/departments-and-centers/department-of-surgery/education-and-training/fellowships/trauma-and-surgical-critical-care-fellowship/fellows/allan-stolarski,pending,pending_reviewer_decision,0,manual_reviewer_decision_missing,9df11788c1b177a1fd67214ea361a9ae3dc6a3f0737e975b7244aa19f37cd2e3,,0,0,0,0,0,,,record_accept_reject_or_needs_more_evidence_decision,"{""decision_policy"": {""accepted_profile_url_requires"": [""matching profile_fingerprint"", ""person_identity_confirmed=1"", ""official_source_confirmed=1"", ""profile_context_confirmed=1"", ""source_hash_confirmed=1"", ""display_safety_confirmed=1"", ""reviewer_decision=accept_official_profile_url""], ""roster_truth_policy"": ""profile_url_fact_not_current_roster_truth""}, ""manual_decision"": {}, ""queue_row"": {""allowed_decisions"": ""accept_official_profile_url; reject_identity_mismatch; reject_not_official_source; reject_wrong_or_stale_context; needs_more_evidence"", ""candidate_confidence"": 0.92, ""candidate_domain"": ""www3.pennmedicine.org"", ""candidate_features"": ""[\""content_hash_recorded\"", \""name_present\"", \""official_domain\"", \""penn_domain\"", \""probe_http_200\"", \""profile_path\"", \""program_term\"", \""role_or_training_term\""]"", ""candidate_http_status"": 200, ""candidate_title"": ""Allan Stolarski - Penn Medicine"", ""candidate_url"": ""https://www3.pennmedicine.org/departments-and-centers/department-of-surgery/education-and-training/fellowships/trauma-and-surgical-critical-care-fellowship/fellows/allan-stolarski"", ""display_name"": ""Allan Stolarski, MD, MS"", ""display_safety_status"": ""review_ready_not_accepted_profile_url"", ""generated_at"": ""2026-06-02T21:16:39.191870+00:00"", ""person_key"": ""person_allan-stolarski-md-ms_bb615dd872ac"", ""profile_fingerprint"": ""9df11788c1b177a1fd67214ea361a9ae3dc6a3f0737e975b7244aa19f37cd2e3"", ""profile_workbench_key"": ""official_profile_workbench_981c82e7c6682d77f4e7"", ""program_name"": ""Trauma and Surgical Critical Care Fellowship"", ""queue_status"": ""ready_for_reviewer_decision"", ""recommended_next_action"": ""record_accept_reject_or_needs_more_evidence_decision"", ""required_confirmation_fields"": ""person_identity_confirmed; official_source_confirmed; profile_context_confirmed; source_hash_confirmed; display_safety_confirmed"", ""required_reviewer_action"": ""Confirm same-person identity, official Penn/Penn Medicine/CHOP source ownership, profile context, content hash/source observation, and display-safety scope before accepting the profile URL fact."", ""reviewer_decision_key"": ""official_profile_reviewer_decision_cc95b6ce7d09f06dfe55"", ""role"": ""fellow"", ""source_sha256"": ""8976393893552cb743e032bd0a56d8c698f0fc2ac49edadb6917a283e7f96c8c"", ""task_key"": ""person_enrichment_task_4d5fba4bd473b8ab99d6""}}",2026-06-02T21:16:39.191870+00:00
official_profile_reviewer_decision_687c2a925fd906410add,official_profile_workbench_2e56b194753d46088454,person_jackie-zhang-md_1cc440dab925,"Jackie Zhang, MD",fellow,Vascular Surgery Fellowship,https://www3.pennmedicine.org/departments-and-centers/department-of-surgery/education-and-training/fellowships/vascular-surgery-fellowship/fellows/jackie-zhang,pending,pending_reviewer_decision,0,manual_reviewer_decision_missing,62dd9bcb4a0fed015947f86af96bc1a332072c360a48770e2ad87e30a0aca7f7,,0,0,0,0,0,,,record_accept_reject_or_needs_more_evidence_decision,"{""decision_policy"": {""accepted_profile_url_requires"": [""matching profile_fingerprint"", ""person_identity_confirmed=1"", ""official_source_confirmed=1"", ""profile_context_confirmed=1"", ""source_hash_confirmed=1"", ""display_safety_confirmed=1"", ""reviewer_decision=accept_official_profile_url""], ""roster_truth_policy"": ""profile_url_fact_not_current_roster_truth""}, ""manual_decision"": {}, ""queue_row"": {""allowed_decisions"": ""accept_official_profile_url; reject_identity_mismatch; reject_not_official_source; reject_wrong_or_stale_context; needs_more_evidence"", ""candidate_confidence"": 0.92, ""candidate_domain"": ""www3.pennmedicine.org"", ""candidate_features"": ""[\""content_hash_recorded\"", \""name_present\"", \""official_domain\"", \""penn_domain\"", \""probe_http_200\"", \""profile_path\"", \""program_term\"", \""role_or_training_term\""]"", ""candidate_http_status"": 200, ""candidate_title"": ""Jackie Zhang - Penn Medicine"", ""candidate_url"": ""https://www3.pennmedicine.org/departments-and-centers/department-of-surgery/education-and-training/fellowships/vascular-surgery-fellowship/fellows/jackie-zhang"", ""display_name"": ""Jackie Zhang, MD"", ""display_safety_status"": ""review_ready_not_accepted_profile_url"", ""generated_at"": ""2026-06-02T21:16:39.191870+00:00"", ""person_key"": ""person_jackie-zhang-md_1cc440dab925"", ""profile_fingerprint"": ""62dd9bcb4a0fed015947f86af96bc1a332072c360a48770e2ad87e30a0aca7f7"", ""profile_workbench_key"": ""official_profile_workbench_2e56b194753d46088454"", ""program_name"": ""Vascular Surgery Fellowship"", ""queue_status"": ""ready_for_reviewer_decision"", ""recommended_next_action"": ""record_accept_reject_or_needs_more_evidence_decision"", ""required_confirmation_fields"": ""person_identity_confirmed; official_source_confirmed; profile_context_confirmed; source_hash_confirmed; display_safety_confirmed"", ""required_reviewer_action"": ""Confirm same-person identity, official Penn/Penn Medicine/CHOP source ownership, profile context, content hash/source observation, and display-safety scope before accepting the profile URL fact."", ""reviewer_decision_key"": ""official_profile_reviewer_decision_687c2a925fd906410add"", ""role"": ""fellow"", ""source_sha256"": ""2efd1320d9be293a408f4cafd6899cce1b6eba3e0c8e3a129f2b2ed0ce541274"", ""task_key"": ""person_enrichment_task_c71688e1f27874097548""}}",2026-06-02T21:16:39.191870+00:00
official_profile_reviewer_decision_ca2d15d258648799ee2d,official_profile_workbench_6d3b4db02815fbc110c3,person_laura-barnes-md_503959d8cc53,"Laura Barnes, MD",fellow,Microvascular Reconstructive Surgery Fellowship,https://www3.pennmedicine.org/departments-and-centers/department-of-surgery/education-and-training/fellowships/microvascular-reconstructive-surgery-fellowship/fellows/laura-barnes,pending,pending_reviewer_decision,0,manual_reviewer_decision_missing,72019680263818abdd9664f0450f85516e36f6fa0dc9aef0977ad853b95479b4,,0,0,0,0,0,,,record_accept_reject_or_needs_more_evidence_decision,"{""decision_policy"": {""accepted_profile_url_requires"": [""matching profile_fingerprint"", ""person_identity_confirmed=1"", ""official_source_confirmed=1"", ""profile_context_confirmed=1"", ""source_hash_confirmed=1"", ""display_safety_confirmed=1"", ""reviewer_decision=accept_official_profile_url""], ""roster_truth_policy"": ""profile_url_fact_not_current_roster_truth""}, ""manual_decision"": {}, ""queue_row"": {""allowed_decisions"": ""accept_official_profile_url; reject_identity_mismatch; reject_not_official_source; reject_wrong_or_stale_context; needs_more_evidence"", ""candidate_confidence"": 0.92, ""candidate_domain"": ""www3.pennmedicine.org"", ""candidate_features"": ""[\""content_hash_recorded\"", \""name_present\"", \""official_domain\"", \""penn_domain\"", \""probe_http_200\"", \""profile_path\"", \""program_term\"", \""role_or_training_term\""]"", ""candidate_http_status"": 200, ""candidate_title"": ""Laura Barnes - Penn Medicine"", ""candidate_url"": ""https://www3.pennmedicine.org/departments-and-centers/department-of-surgery/education-and-training/fellowships/microvascular-reconstructive-surgery-fellowship/fellows/laura-barnes"", ""display_name"": ""Laura Barnes, MD"", ""display_safety_status"": ""review_ready_not_accepted_profile_url"", ""generated_at"": ""2026-06-02T21:16:39.191870+00:00"", ""person_key"": ""person_laura-barnes-md_503959d8cc53"", ""profile_fingerprint"": ""72019680263818abdd9664f0450f85516e36f6fa0dc9aef0977ad853b95479b4"", ""profile_workbench_key"": ""official_profile_workbench_6d3b4db02815fbc110c3"", ""program_name"": ""Microvascular Reconstructive Surgery Fellowship"", ""queue_status"": ""ready_for_reviewer_decision"", ""recommended_next_action"": ""record_accept_reject_or_needs_more_evidence_decision"", ""required_confirmation_fields"": ""person_identity_confirmed; official_source_confirmed; profile_context_confirmed; source_hash_confirmed; display_safety_confirmed"", ""required_reviewer_action"": ""Confirm same-person identity, official Penn/Penn Medicine/CHOP source ownership, profile context, content hash/source observation, and display-safety scope before accepting the profile URL fact."", ""reviewer_decision_key"": ""official_profile_reviewer_decision_ca2d15d258648799ee2d"", ""role"": ""fellow"", ""source_sha256"": ""67e1ee4ad652a37e21400c5effbd6c4baf15c4c81ef17e1373c4c97f3aea8a94"", ""task_key"": ""person_enrichment_task_3b14315a616978050c5e""}}",2026-06-02T21:16:39.191870+00:00
official_profile_reviewer_decision_ea8a17fe5c75fa62eeac,official_profile_workbench_0306438a693a45684a5a,person_madison-harris-do_b296586278e6,"Madison Harris, DO",fellow,Trauma and Surgical Critical Care Fellowship,https://www3.pennmedicine.org/departments-and-centers/department-of-surgery/education-and-training/fellowships/trauma-and-surgical-critical-care-fellowship/fellows/madison-harris,pending,pending_reviewer_decision,0,manual_reviewer_decision_missing,80b78f783575e1025d47637b9332ec0331d4624b42a28f131d07d985fdb376fb,,0,0,0,0,0,,,record_accept_reject_or_needs_more_evidence_decision,"{""decision_policy"": {""accepted_profile_url_requires"": [""matching profile_fingerprint"", ""person_identity_confirmed=1"", ""official_source_confirmed=1"", ""profile_context_confirmed=1"", ""source_hash_confirmed=1"", ""display_safety_confirmed=1"", ""reviewer_decision=accept_official_profile_url""], ""roster_truth_policy"": ""profile_url_fact_not_current_roster_truth""}, ""manual_decision"": {}, ""queue_row"": {""allowed_decisions"": ""accept_official_profile_url; reject_identity_mismatch; reject_not_official_source; reject_wrong_or_stale_context; needs_more_evidence"", ""candidate_confidence"": 0.92, ""candidate_domain"": ""www3.pennmedicine.org"", ""candidate_features"": ""[\""content_hash_recorded\"", \""name_present\"", \""official_domain\"", \""penn_domain\"", \""probe_http_200\"", \""profile_path\"", \""program_term\"", \""role_or_training_term\""]"", ""candidate_http_status"": 200, ""candidate_title"": ""Madison Harris - Penn Medicine"", ""candidate_url"": ""https://www3.pennmedicine.org/departments-and-centers/department-of-surgery/education-and-training/fellowships/trauma-and-surgical-critical-care-fellowship/fellows/madison-harris"", ""display_name"": ""Madison Harris, DO"", ""display_safety_status"": ""review_ready_not_accepted_profile_url"", ""generated_at"": ""2026-06-02T21:16:39.191870+00:00"", ""person_key"": ""person_madison-harris-do_b296586278e6"", ""profile_fingerprint"": ""80b78f783575e1025d47637b9332ec0331d4624b42a28f131d07d985fdb376fb"", ""profile_workbench_key"": ""official_profile_workbench_0306438a693a45684a5a"", ""program_name"": ""Trauma and Surgical Critical Care Fellowship"", ""queue_status"": ""ready_for_reviewer_decision"", ""recommended_next_action"": ""record_accept_reject_or_needs_more_evidence_decision"", ""required_confirmation_fields"": ""person_identity_confirmed; official_source_confirmed; profile_context_confirmed; source_hash_confirmed; display_safety_confirmed"", ""required_reviewer_action"": ""Confirm same-person identity, official Penn/Penn Medicine/CHOP source ownership, profile context, content hash/source observation, and display-safety scope before accepting the profile URL fact."", ""reviewer_decision_key"": ""official_profile_reviewer_decision_ea8a17fe5c75fa62eeac"", ""role"": ""fellow"", ""source_sha256"": ""6f72e45aa0730a4718b60053671b2932cbfe5da9d511ca11b5c68f4f8bf8d772"", ""task_key"": ""person_enrichment_task_060c6f32258f384c4061""}}",2026-06-02T21:16:39.191870+00:00
official_profile_reviewer_decision_1fe9741e67185e80edc3,official_profile_workbench_b66b2fb110a39de6aa12,person_mary-decoteau-md_107185e399b5,"Mary Decoteau, MD",fellow,Trauma and Surgical Critical Care Fellowship,https://www3.pennmedicine.org/departments-and-centers/department-of-surgery/education-and-training/fellowships/trauma-and-surgical-critical-care-fellowship/fellows/mary-decoteau,pending,pending_reviewer_decision,0,manual_reviewer_decision_missing,f9cc58ab429d91b3b1f6e329bc68addb4e36d0d0510340bb2e512d10736a0b50,,0,0,0,0,0,,,record_accept_reject_or_needs_more_evidence_decision,"{""decision_policy"": {""accepted_profile_url_requires"": [""matching profile_fingerprint"", ""person_identity_confirmed=1"", ""official_source_confirmed=1"", ""profile_context_confirmed=1"", ""source_hash_confirmed=1"", ""display_safety_confirmed=1"", ""reviewer_decision=accept_official_profile_url""], ""roster_truth_policy"": ""profile_url_fact_not_current_roster_truth""}, ""manual_decision"": {}, ""queue_row"": {""allowed_decisions"": ""accept_official_profile_url; reject_identity_mismatch; reject_not_official_source; reject_wrong_or_stale_context; needs_more_evidence"", ""candidate_confidence"": 0.92, ""candidate_domain"": ""www3.pennmedicine.org"", ""candidate_features"": ""[\""content_hash_recorded\"", \""name_present\"", \""official_domain\"", \""penn_domain\"", \""probe_http_200\"", \""profile_path\"", \""program_term\"", \""role_or_training_term\""]"", ""candidate_http_status"": 200, ""candidate_title"": ""Mary Decoteau - Penn Medicine"", ""candidate_url"": ""https://www3.pennmedicine.org/departments-and-centers/department-of-surgery/education-and-training/fellowships/trauma-and-surgical-critical-care-fellowship/fellows/mary-decoteau"", ""display_name"": ""Mary Decoteau, MD"", ""display_safety_status"": ""review_ready_not_accepted_profile_url"", ""generated_at"": ""2026-06-02T21:16:39.191870+00:00"", ""person_key"": ""person_mary-decoteau-md_107185e399b5"", ""profile_fingerprint"": ""f9cc58ab429d91b3b1f6e329bc68addb4e36d0d0510340bb2e512d10736a0b50"", ""profile_workbench_key"": ""official_profile_workbench_b66b2fb110a39de6aa12"", ""program_name"": ""Trauma and Surgical Critical Care Fellowship"", ""queue_status"": ""ready_for_reviewer_decision"", ""recommended_next_action"": ""record_accept_reject_or_needs_more_evidence_decision"", ""required_confirmation_fields"": ""person_identity_confirmed; official_source_confirmed; profile_context_confirmed; source_hash_confirmed; display_safety_confirmed"", ""required_reviewer_action"": ""Confirm same-person identity, official Penn/Penn Medicine/CHOP source ownership, profile context, content hash/source observation, and display-safety scope before accepting the profile URL fact."", ""reviewer_decision_key"": ""official_profile_reviewer_decision_1fe9741e67185e80edc3"", ""role"": ""fellow"", ""source_sha256"": ""4ed84eb9c454e613e31f08584ce7dc9fc8c6ede705dfea7cae0130aab68e3a89"", ""task_key"": ""person_enrichment_task_73a61744d3cd4bd11e58""}}",2026-06-02T21:16:39.191870+00:00
official_profile_reviewer_decision_39d2c9f2a40718da261f,official_profile_workbench_c4ea20e8c59761f399aa,person_michael-weykamp-md-ms_df24588b4705,"Michael Weykamp, MD, MS",fellow,Trauma and Surgical Critical Care Fellowship,https://www3.pennmedicine.org/departments-and-centers/department-of-surgery/education-and-training/fellowships/trauma-and-surgical-critical-care-fellowship/fellows/michael-weykamp,pending,pending_reviewer_decision,0,manual_reviewer_decision_missing,80dd567b5117c41e76f746833db115bbc6e4494839e5546a7e8497c8377ade3e,,0,0,0,0,0,,,record_accept_reject_or_needs_more_evidence_decision,"{""decision_policy"": {""accepted_profile_url_requires"": [""matching profile_fingerprint"", ""person_identity_confirmed=1"", ""official_source_confirmed=1"", ""profile_context_confirmed=1"", ""source_hash_confirmed=1"", ""display_safety_confirmed=1"", ""reviewer_decision=accept_official_profile_url""], ""roster_truth_policy"": ""profile_url_fact_not_current_roster_truth""}, ""manual_decision"": {}, ""queue_row"": {""allowed_decisions"": ""accept_official_profile_url; reject_identity_mismatch; reject_not_official_source; reject_wrong_or_stale_context; needs_more_evidence"", ""candidate_confidence"": 0.92, ""candidate_domain"": ""www3.pennmedicine.org"", ""candidate_features"": ""[\""content_hash_recorded\"", \""name_present\"", \""official_domain\"", \""penn_domain\"", \""probe_http_200\"", \""profile_path\"", \""program_term\"", \""role_or_training_term\""]"", ""candidate_http_status"": 200, ""candidate_title"": ""Michael Weykamp - Penn Medicine"", ""candidate_url"": ""https://www3.pennmedicine.org/departments-and-centers/department-of-surgery/education-and-training/fellowships/trauma-and-surgical-critical-care-fellowship/fellows/michael-weykamp"", ""display_name"": ""Michael Weykamp, MD, MS"", ""display_safety_status"": ""review_ready_not_accepted_profile_url"", ""generated_at"": ""2026-06-02T21:16:39.191870+00:00"", ""person_key"": ""person_michael-weykamp-md-ms_df24588b4705"", ""profile_fingerprint"": ""80dd567b5117c41e76f746833db115bbc6e4494839e5546a7e8497c8377ade3e"", ""profile_workbench_key"": ""official_profile_workbench_c4ea20e8c59761f399aa"", ""program_name"": ""Trauma and Surgical Critical Care Fellowship"", ""queue_status"": ""ready_for_reviewer_decision"", ""recommended_next_action"": ""record_accept_reject_or_needs_more_evidence_decision"", ""required_confirmation_fields"": ""person_identity_confirmed; official_source_confirmed; profile_context_confirmed; source_hash_confirmed; display_safety_confirmed"", ""required_reviewer_action"": ""Confirm same-person identity, official Penn/Penn Medicine/CHOP source ownership, profile context, content hash/source observation, and display-safety scope before accepting the profile URL fact."", ""reviewer_decision_key"": ""official_profile_reviewer_decision_39d2c9f2a40718da261f"", ""role"": ""fellow"", ""source_sha256"": ""8caa5adf406a5e7217ebcf6e96b9d2a4174659fc70b9b6214d8738fbc204b964"", ""task_key"": ""person_enrichment_task_b1d692970e77fe7af60a""}}",2026-06-02T21:16:39.191870+00:00
official_profile_reviewer_decision_df66a1a800c51943da0b,official_profile_workbench_f6cac9f0515383ff5029,person_aashish-bhardwaj-md_085a7aaf0c58,"Aashish Bhardwaj, MD",resident,Physical Medicine and Rehabilitation Residency,https://www3.pennmedicine.org/departments-and-centers/physical-medicine-and-rehabilitation/education-and-training/residency-program/current-residents/pgy2/bhardwaj-aashish,pending,pending_reviewer_decision,0,manual_reviewer_decision_missing,6810d692bd66cac64e2fac789417f3477cc96ee76fb4a519e86677f7ccacf000,,0,0,0,0,0,,,record_accept_reject_or_needs_more_evidence_decision,"{""decision_policy"": {""accepted_profile_url_requires"": [""matching profile_fingerprint"", ""person_identity_confirmed=1"", ""official_source_confirmed=1"", ""profile_context_confirmed=1"", ""source_hash_confirmed=1"", ""display_safety_confirmed=1"", ""reviewer_decision=accept_official_profile_url""], ""roster_truth_policy"": ""profile_url_fact_not_current_roster_truth""}, ""manual_decision"": {}, ""queue_row"": {""allowed_decisions"": ""accept_official_profile_url; reject_identity_mismatch; reject_not_official_source; reject_wrong_or_stale_context; needs_more_evidence"", ""candidate_confidence"": 0.92, ""candidate_domain"": ""www3.pennmedicine.org"", ""candidate_features"": ""[\""content_hash_recorded\"", \""name_present\"", \""official_domain\"", \""penn_domain\"", \""probe_http_200\"", \""profile_path\"", \""program_term\"", \""role_or_training_term\""]"", ""candidate_http_status"": 200, ""candidate_title"": ""Bhardwaj Aashish - Penn Medicine"", ""candidate_url"": ""https://www3.pennmedicine.org/departments-and-centers/physical-medicine-and-rehabilitation/education-and-training/residency-program/current-residents/pgy2/bhardwaj-aashish"", ""display_name"": ""Aashish Bhardwaj, MD"", ""display_safety_status"": ""review_ready_not_accepted_profile_url"", ""generated_at"": ""2026-06-02T21:16:39.191870+00:00"", ""person_key"": ""person_aashish-bhardwaj-md_085a7aaf0c58"", ""profile_fingerprint"": ""6810d692bd66cac64e2fac789417f3477cc96ee76fb4a519e86677f7ccacf000"", ""profile_workbench_key"": ""official_profile_workbench_f6cac9f0515383ff5029"", ""program_name"": ""Physical Medicine and Rehabilitation Residency"", ""queue_status"": ""ready_for_reviewer_decision"", ""recommended_next_action"": ""record_accept_reject_or_needs_more_evidence_decision"", ""required_confirmation_fields"": ""person_identity_confirmed; official_source_confirmed; profile_context_confirmed; source_hash_confirmed; display_safety_confirmed"", ""required_reviewer_action"": ""Confirm same-person identity, official Penn/Penn Medicine/CHOP source ownership, profile context, content hash/source observation, and display-safety scope before accepting the profile URL fact."", ""reviewer_decision_key"": ""official_profile_reviewer_decision_df66a1a800c51943da0b"", ""role"": ""resident"", ""source_sha256"": ""ebca0c7a2d8774e3db4a86db2950d0fbda9d3e0b6c5ecbb4019dab2247ed153b"", ""task_key"": ""person_enrichment_task_a04c63c576e7a8fe7071""}}",2026-06-02T21:16:39.191870+00:00
official_profile_reviewer_decision_fc85ede7867dc2358587,official_profile_workbench_684463fe8780f7564cec,abigail black,Abigail Black MD,resident,Internal Medicine Residency,https://www3.pennmedicine.org/departments-and-centers/department-of-medicine/education-and-training/internal-medicine-residency/our-program/categorical/categorical-residents/pgy-2/black-abigail,pending,pending_reviewer_decision,0,manual_reviewer_decision_missing,a5439049d1f178659ef174fcb31634ac5ac849b862120d2688315bd3efef5128,,0,0,0,0,0,,,record_accept_reject_or_needs_more_evidence_decision,"{""decision_policy"": {""accepted_profile_url_requires"": [""matching profile_fingerprint"", ""person_identity_confirmed=1"", ""official_source_confirmed=1"", ""profile_context_confirmed=1"", ""source_hash_confirmed=1"", ""display_safety_confirmed=1"", ""reviewer_decision=accept_official_profile_url""], ""roster_truth_policy"": ""profile_url_fact_not_current_roster_truth""}, ""manual_decision"": {}, ""queue_row"": {""allowed_decisions"": ""accept_official_profile_url; reject_identity_mismatch; reject_not_official_source; reject_wrong_or_stale_context; needs_more_evidence"", ""candidate_confidence"": 0.92, ""candidate_domain"": ""www3.pennmedicine.org"", ""candidate_features"": ""[\""content_hash_recorded\"", \""name_present\"", \""official_domain\"", \""penn_domain\"", \""probe_http_200\"", \""profile_path\"", \""program_term\"", \""role_or_training_term\""]"", ""candidate_http_status"": 200, ""candidate_title"": ""Black Abigail - Penn Medicine"", ""candidate_url"": ""https://www3.pennmedicine.org/departments-and-centers/department-of-medicine/education-and-training/internal-medicine-residency/our-program/categorical/categorical-residents/pgy-2/black-abigail"", ""display_name"": ""Abigail Black MD"", ""display_safety_status"": ""review_ready_not_accepted_profile_url"", ""generated_at"": ""2026-06-02T21:16:39.191870+00:00"", ""person_key"": ""abigail black"", ""profile_fingerprint"": ""a5439049d1f178659ef174fcb31634ac5ac849b862120d2688315bd3efef5128"", ""profile_workbench_key"": ""official_profile_workbench_684463fe8780f7564cec"", ""program_name"": ""Internal Medicine Residency"", ""queue_status"": ""ready_for_reviewer_decision"", ""recommended_next_action"": ""record_accept_reject_or_needs_more_evidence_decision"", ""required_confirmation_fields"": ""person_identity_confirmed; official_source_confirmed; profile_context_confirmed; source_hash_confirmed; display_safety_confirmed"", ""required_reviewer_action"": ""Confirm same-person identity, official Penn/Penn Medicine/CHOP source ownership, profile context, content hash/source observation, and display-safety scope before accepting the profile URL fact."", ""reviewer_decision_key"": ""official_profile_reviewer_decision_fc85ede7867dc2358587"", ""role"": ""resident"", ""source_sha256"": ""d62f948316a56ecc609c8f6937b7f08e8d80dabbbd432a6dd254fdd97fbe35f7"", ""task_key"": ""person_enrichment_task_e2ce1fcb4d956b9bff1a""}}",2026-06-02T21:16:39.191870+00:00
official_profile_reviewer_decision_b52880034bd1bd4e0986,official_profile_workbench_499d116470074596b42c,abigail taye,Abigail Taye MD,resident,Internal Medicine Residency,https://www3.pennmedicine.org/departments-and-centers/department-of-medicine/education-and-training/internal-medicine-residency/our-program/categorical/categorical-residents/pgy-1/taye-abigail,pending,pending_reviewer_decision,0,manual_reviewer_decision_missing,574e8badffff21bbcc9acfdb2fb477ac8e183cf47da71b42cb69b3f45b1d301e,,0,0,0,0,0,,,record_accept_reject_or_needs_more_evidence_decision,"{""decision_policy"": {""accepted_profile_url_requires"": [""matching profile_fingerprint"", ""person_identity_confirmed=1"", ""official_source_confirmed=1"", ""profile_context_confirmed=1"", ""source_hash_confirmed=1"", ""display_safety_confirmed=1"", ""reviewer_decision=accept_official_profile_url""], ""roster_truth_policy"": ""profile_url_fact_not_current_roster_truth""}, ""manual_decision"": {}, ""queue_row"": {""allowed_decisions"": ""accept_official_profile_url; reject_identity_mismatch; reject_not_official_source; reject_wrong_or_stale_context; needs_more_evidence"", ""candidate_confidence"": 0.92, ""candidate_domain"": ""www3.pennmedicine.org"", ""candidate_features"": ""[\""content_hash_recorded\"", \""name_present\"", \""official_domain\"", \""penn_domain\"", \""probe_http_200\"", \""profile_path\"", \""program_term\"", \""role_or_training_term\""]"", ""candidate_http_status"": 200, ""candidate_title"": ""Taye Abigail - Penn Medicine"", ""candidate_url"": ""https://www3.pennmedicine.org/departments-and-centers/department-of-medicine/education-and-training/internal-medicine-residency/our-program/categorical/categorical-residents/pgy-1/taye-abigail"", ""display_name"": ""Abigail Taye MD"", ""display_safety_status"": ""review_ready_not_accepted_profile_url"", ""generated_at"": ""2026-06-02T21:16:39.191870+00:00"", ""person_key"": ""abigail taye"", ""profile_fingerprint"": ""574e8badffff21bbcc9acfdb2fb477ac8e183cf47da71b42cb69b3f45b1d301e"", ""profile_workbench_key"": ""official_profile_workbench_499d116470074596b42c"", ""program_name"": ""Internal Medicine Residency"", ""queue_status"": ""ready_for_reviewer_decision"", ""recommended_next_action"": ""record_accept_reject_or_needs_more_evidence_decision"", ""required_confirmation_fields"": ""person_identity_confirmed; official_source_confirmed; profile_context_confirmed; source_hash_confirmed; display_safety_confirmed"", ""required_reviewer_action"": ""Confirm same-person identity, official Penn/Penn Medicine/CHOP source ownership, profile context, content hash/source observation, and display-safety scope before accepting the profile URL fact."", ""reviewer_decision_key"": ""official_profile_reviewer_decision_b52880034bd1bd4e0986"", ""role"": ""resident"", ""source_sha256"": ""0acc6c09ffff28213b2c4f238eb5736703a856d7d31a46b84054feeeff659df4"", ""task_key"": ""person_enrichment_task_4b92e2271ba36089ea3c""}}",2026-06-02T21:16:39.191870+00:00
official_profile_reviewer_decision_4181d28c25c952b9b59b,official_profile_workbench_c9e11bc5c3b2ab41ee94,ahmed gawash,Ahmed Gawash DO,resident,Internal Medicine Residency,https://www3.pennmedicine.org/departments-and-centers/department-of-medicine/education-and-training/internal-medicine-residency/our-program/categorical/categorical-residents/pgy-1/gawash-ahmed,pending,pending_reviewer_decision,0,manual_reviewer_decision_missing,b388eeb37b445d34e325785830b43f946eba9e1790db021ebf50e7c2474ff964,,0,0,0,0,0,,,record_accept_reject_or_needs_more_evidence_decision,"{""decision_policy"": {""accepted_profile_url_requires"": [""matching profile_fingerprint"", ""person_identity_confirmed=1"", ""official_source_confirmed=1"", ""profile_context_confirmed=1"", ""source_hash_confirmed=1"", ""display_safety_confirmed=1"", ""reviewer_decision=accept_official_profile_url""], ""roster_truth_policy"": ""profile_url_fact_not_current_roster_truth""}, ""manual_decision"": {}, ""queue_row"": {""allowed_decisions"": ""accept_official_profile_url; reject_identity_mismatch; reject_not_official_source; reject_wrong_or_stale_context; needs_more_evidence"", ""candidate_confidence"": 0.92, ""candidate_domain"": ""www3.pennmedicine.org"", ""candidate_features"": ""[\""content_hash_recorded\"", \""name_present\"", \""official_domain\"", \""penn_domain\"", \""probe_http_200\"", \""profile_path\"", \""program_term\"", \""role_or_training_term\""]"", ""candidate_http_status"": 200, ""candidate_title"": ""Gawash Ahmed - Penn Medicine"", ""candidate_url"": ""https://www3.pennmedicine.org/departments-and-centers/department-of-medicine/education-and-training/internal-medicine-residency/our-program/categorical/categorical-residents/pgy-1/gawash-ahmed"", ""display_name"": ""Ahmed Gawash DO"", ""display_safety_status"": ""review_ready_not_accepted_profile_url"", ""generated_at"": ""2026-06-02T21:16:39.191870+00:00"", ""person_key"": ""ahmed gawash"", ""profile_fingerprint"": ""b388eeb37b445d34e325785830b43f946eba9e1790db021ebf50e7c2474ff964"", ""profile_workbench_key"": ""official_profile_workbench_c9e11bc5c3b2ab41ee94"", ""program_name"": ""Internal Medicine Residency"", ""queue_status"": ""ready_for_reviewer_decision"", ""recommended_next_action"": ""record_accept_reject_or_needs_more_evidence_decision"", ""required_confirmation_fields"": ""person_identity_confirmed; official_source_confirmed; profile_context_confirmed; source_hash_confirmed; display_safety_confirmed"", ""required_reviewer_action"": ""Confirm same-person identity, official Penn/Penn Medicine/CHOP source ownership, profile context, content hash/source observation, and display-safety scope before accepting the profile URL fact."", ""reviewer_decision_key"": ""official_profile_reviewer_decision_4181d28c25c952b9b59b"", ""role"": ""resident"", ""source_sha256"": ""ec95408b653c8f852aba3b92b0e1be8fd5794a57bec993b78240658c389fdbad"", ""task_key"": ""person_enrichment_task_b42dea729b46071e810a""}}",2026-06-02T21:16:39.191870+00:00
official_profile_reviewer_decision_948917b904aa4b516452,official_profile_workbench_e0c3fe409804c2887d82,alec gayner,Alec Gayner MD,resident,Internal Medicine Residency,https://www3.pennmedicine.org/departments-and-centers/department-of-medicine/education-and-training/internal-medicine-residency/our-program/categorical/categorical-residents/pgy-2/gayner-alec,pending,pending_reviewer_decision,0,manual_reviewer_decision_missing,977d5f2ac9efcd6a2de7f529f87bad841ea90939bee2e4c5bf98746c668af47e,,0,0,0,0,0,,,record_accept_reject_or_needs_more_evidence_decision,"{""decision_policy"": {""accepted_profile_url_requires"": [""matching profile_fingerprint"", ""person_identity_confirmed=1"", ""official_source_confirmed=1"", ""profile_context_confirmed=1"", ""source_hash_confirmed=1"", ""display_safety_confirmed=1"", ""reviewer_decision=accept_official_profile_url""], ""roster_truth_policy"": ""profile_url_fact_not_current_roster_truth""}, ""manual_decision"": {}, ""queue_row"": {""allowed_decisions"": ""accept_official_profile_url; reject_identity_mismatch; reject_not_official_source; reject_wrong_or_stale_context; needs_more_evidence"", ""candidate_confidence"": 0.92, ""candidate_domain"": ""www3.pennmedicine.org"", ""candidate_features"": ""[\""content_hash_recorded\"", \""name_present\"", \""official_domain\"", \""penn_domain\"", \""probe_http_200\"", \""profile_path\"", \""program_term\"", \""role_or_training_term\""]"", ""candidate_http_status"": 200, ""candidate_title"": ""Gayner Alec - Penn Medicine"", ""candidate_url"": ""https://www3.pennmedicine.org/departments-and-centers/department-of-medicine/education-and-training/internal-medicine-residency/our-program/categorical/categorical-residents/pgy-2/gayner-alec"", ""display_name"": ""Alec Gayner MD"", ""display_safety_status"": ""review_ready_not_accepted_profile_url"", ""generated_at"": ""2026-06-02T21:16:39.191870+00:00"", ""person_key"": ""alec gayner"", ""profile_fingerprint"": ""977d5f2ac9efcd6a2de7f529f87bad841ea90939bee2e4c5bf98746c668af47e"", ""profile_workbench_key"": ""official_profile_workbench_e0c3fe409804c2887d82"", ""program_name"": ""Internal Medicine Residency"", ""queue_status"": ""ready_for_reviewer_decision"", ""recommended_next_action"": ""record_accept_reject_or_needs_more_evidence_decision"", ""required_confirmation_fields"": ""person_identity_confirmed; official_source_confirmed; profile_context_confirmed; source_hash_confirmed; display_safety_confirmed"", ""required_reviewer_action"": ""Confirm same-person identity, official Penn/Penn Medicine/CHOP source ownership, profile context, content hash/source observation, and display-safety scope before accepting the profile URL fact."", ""reviewer_decision_key"": ""official_profile_reviewer_decision_948917b904aa4b516452"", ""role"": ""resident"", ""source_sha256"": ""2ec3fc9fa7a4a185508b649885defcbcad71e7557160da13413d583ea3525a7d"", ""task_key"": ""person_enrichment_task_399b1f27617b25408504""}}",2026-06-02T21:16:39.191870+00:00
official_profile_reviewer_decision_c7377bd6608debd00e56,official_profile_workbench_07063e4ce0ce3941ea50,person_alex-swanger-md_bf924cc4b79f,"Alex Swanger, MD",resident,Anesthesiology Residency,https://www3.pennmedicine.org/departments-and-centers/anesthesiology-and-critical-care/education-and-training/residency-program/residents/ca3/swanger-alex,pending,pending_reviewer_decision,0,manual_reviewer_decision_missing,4051073e339781aa0cbad74b4860fd7cd8d2ed0d351799af5bab04fa4fe930c4,,0,0,0,0,0,,,record_accept_reject_or_needs_more_evidence_decision,"{""decision_policy"": {""accepted_profile_url_requires"": [""matching profile_fingerprint"", ""person_identity_confirmed=1"", ""official_source_confirmed=1"", ""profile_context_confirmed=1"", ""source_hash_confirmed=1"", ""display_safety_confirmed=1"", ""reviewer_decision=accept_official_profile_url""], ""roster_truth_policy"": ""profile_url_fact_not_current_roster_truth""}, ""manual_decision"": {}, ""queue_row"": {""allowed_decisions"": ""accept_official_profile_url; reject_identity_mismatch; reject_not_official_source; reject_wrong_or_stale_context; needs_more_evidence"", ""candidate_confidence"": 0.92, ""candidate_domain"": ""www3.pennmedicine.org"", ""candidate_features"": ""[\""content_hash_recorded\"", \""name_present\"", \""official_domain\"", \""penn_domain\"", \""probe_http_200\"", \""profile_path\"", \""program_term\"", \""role_or_training_term\""]"", ""candidate_http_status"": 200, ""candidate_title"": ""Swanger Alex - Penn Medicine"", ""candidate_url"": ""https://www3.pennmedicine.org/departments-and-centers/anesthesiology-and-critical-care/education-and-training/residency-program/residents/ca3/swanger-alex"", ""display_name"": ""Alex Swanger, MD"", ""display_safety_status"": ""review_ready_not_accepted_profile_url"", ""generated_at"": ""2026-06-02T21:16:39.191870+00:00"", ""person_key"": ""person_alex-swanger-md_bf924cc4b79f"", ""profile_fingerprint"": ""4051073e339781aa0cbad74b4860fd7cd8d2ed0d351799af5bab04fa4fe930c4"", ""profile_workbench_key"": ""official_profile_workbench_07063e4ce0ce3941ea50"", ""program_name"": ""Anesthesiology Residency"", ""queue_status"": ""ready_for_reviewer_decision"", ""recommended_next_action"": ""record_accept_reject_or_needs_more_evidence_decision"", ""required_confirmation_fields"": ""person_identity_confirmed; official_source_confirmed; profile_context_confirmed; source_hash_confirmed; display_safety_confirmed"", ""required_reviewer_action"": ""Confirm same-person identity, official Penn/Penn Medicine/CHOP source ownership, profile context, content hash/source observation, and display-safety scope before accepting the profile URL fact."", ""reviewer_decision_key"": ""official_profile_reviewer_decision_c7377bd6608debd00e56"", ""role"": ""resident"", ""source_sha256"": ""0371544ed0f4de723be1c898ccc3466036b8693a7fecaa33fc4f0922653c016b"", ""task_key"": ""person_enrichment_task_7269da4a8f145d64abb8""}}",2026-06-02T21:16:39.191870+00:00
official_profile_reviewer_decision_7c80d451332bc0a9cf7c,official_profile_workbench_ba10b207ba9000c82ed9,alexa larsen,"Alexa Larsen, MD, MSc",resident,Internal Medicine Primary Care Residency,https://www3.pennmedicine.org/departments-and-centers/department-of-medicine/education-and-training/internal-medicine-residency/our-program/categorical/categorical-residents/pgy-3/larsen-alexa,pending,pending_reviewer_decision,0,manual_reviewer_decision_missing,7bad66acb647b40170e00dc94aa6f023986c894a4420a51da0769538d52d7542,,0,0,0,0,0,,,record_accept_reject_or_needs_more_evidence_decision,"{""decision_policy"": {""accepted_profile_url_requires"": [""matching profile_fingerprint"", ""person_identity_confirmed=1"", ""official_source_confirmed=1"", ""profile_context_confirmed=1"", ""source_hash_confirmed=1"", ""display_safety_confirmed=1"", ""reviewer_decision=accept_official_profile_url""], ""roster_truth_policy"": ""profile_url_fact_not_current_roster_truth""}, ""manual_decision"": {}, ""queue_row"": {""allowed_decisions"": ""accept_official_profile_url; reject_identity_mismatch; reject_not_official_source; reject_wrong_or_stale_context; needs_more_evidence"", ""candidate_confidence"": 0.92, ""candidate_domain"": ""www3.pennmedicine.org"", ""candidate_features"": ""[\""content_hash_recorded\"", \""name_present\"", \""official_domain\"", \""penn_domain\"", \""probe_http_200\"", \""profile_path\"", \""program_term\"", \""role_or_training_term\""]"", ""candidate_http_status"": 200, ""candidate_title"": ""Larsen Alexa - Penn Medicine"", ""candidate_url"": ""https://www3.pennmedicine.org/departments-and-centers/department-of-medicine/education-and-training/internal-medicine-residency/our-program/categorical/categorical-residents/pgy-3/larsen-alexa"", ""display_name"": ""Alexa Larsen, MD, MSc"", ""display_safety_status"": ""review_ready_not_accepted_profile_url"", ""generated_at"": ""2026-06-02T21:16:39.191870+00:00"", ""person_key"": ""alexa larsen"", ""profile_fingerprint"": ""7bad66acb647b40170e00dc94aa6f023986c894a4420a51da0769538d52d7542"", ""profile_workbench_key"": ""official_profile_workbench_ba10b207ba9000c82ed9"", ""program_name"": ""Internal Medicine Primary Care Residency"", ""queue_status"": ""ready_for_reviewer_decision"", ""recommended_next_action"": ""record_accept_reject_or_needs_more_evidence_decision"", ""required_confirmation_fields"": ""person_identity_confirmed; official_source_confirmed; profile_context_confirmed; source_hash_confirmed; display_safety_confirmed"", ""required_reviewer_action"": ""Confirm same-person identity, official Penn/Penn Medicine/CHOP source ownership, profile context, content hash/source observation, and display-safety scope before accepting the profile URL fact."", ""reviewer_decision_key"": ""official_profile_reviewer_decision_7c80d451332bc0a9cf7c"", ""role"": ""resident"", ""source_sha256"": ""7749eba156aff1ec23ee6126b8bc5537e0ccc55683d53041011b98284f0fd268"", ""task_key"": ""person_enrichment_task_bf9edc075229210146c7""}}",2026-06-02T21:16:39.191870+00:00
official_profile_reviewer_decision_6ffa797ca39f108a248b,official_profile_workbench_6bb143a9b821c82ea401,person_alexandra-makhoul-md-mba_dcf2dbfb17a0,"Alexandra Makhoul, MD, MBA",resident,Anesthesiology Residency,https://www3.pennmedicine.org/departments-and-centers/anesthesiology-and-critical-care/education-and-training/residency-program/residents/ca3/makhoul-alexandra,pending,pending_reviewer_decision,0,manual_reviewer_decision_missing,876a9b7db9b391d6db70bf81326d5354b48214466a6c8d16976a34bbe2f31dcf,,0,0,0,0,0,,,record_accept_reject_or_needs_more_evidence_decision,"{""decision_policy"": {""accepted_profile_url_requires"": [""matching profile_fingerprint"", ""person_identity_confirmed=1"", ""official_source_confirmed=1"", ""profile_context_confirmed=1"", ""source_hash_confirmed=1"", ""display_safety_confirmed=1"", ""reviewer_decision=accept_official_profile_url""], ""roster_truth_policy"": ""profile_url_fact_not_current_roster_truth""}, ""manual_decision"": {}, ""queue_row"": {""allowed_decisions"": ""accept_official_profile_url; reject_identity_mismatch; reject_not_official_source; reject_wrong_or_stale_context; needs_more_evidence"", ""candidate_confidence"": 0.92, ""candidate_domain"": ""www3.pennmedicine.org"", ""candidate_features"": ""[\""content_hash_recorded\"", \""name_present\"", \""official_domain\"", \""penn_domain\"", \""probe_http_200\"", \""profile_path\"", \""program_term\"", \""role_or_training_term\""]"", ""candidate_http_status"": 200, ""candidate_title"": ""Makhoul Alexandra - Penn Medicine"", ""candidate_url"": ""https://www3.pennmedicine.org/departments-and-centers/anesthesiology-and-critical-care/education-and-training/residency-program/residents/ca3/makhoul-alexandra"", ""display_name"": ""Alexandra Makhoul, MD, MBA"", ""display_safety_status"": ""review_ready_not_accepted_profile_url"", ""generated_at"": ""2026-06-02T21:16:39.191870+00:00"", ""person_key"": ""person_alexandra-makhoul-md-mba_dcf2dbfb17a0"", ""profile_fingerprint"": ""876a9b7db9b391d6db70bf81326d5354b48214466a6c8d16976a34bbe2f31dcf"", ""profile_workbench_key"": ""official_profile_workbench_6bb143a9b821c82ea401"", ""program_name"": ""Anesthesiology Residency"", ""queue_status"": ""ready_for_reviewer_decision"", ""recommended_next_action"": ""record_accept_reject_or_needs_more_evidence_decision"", ""required_confirmation_fields"": ""person_identity_confirmed; official_source_confirmed; profile_context_confirmed; source_hash_confirmed; display_safety_confirmed"", ""required_reviewer_action"": ""Confirm same-person identity, official Penn/Penn Medicine/CHOP source ownership, profile context, content hash/source observation, and display-safety scope before accepting the profile URL fact."", ""reviewer_decision_key"": ""official_profile_reviewer_decision_6ffa797ca39f108a248b"", ""role"": ""resident"", ""source_sha256"": ""26f7a499ef8945ed316271d0e298d253091e33f622beb6d30f9d2a4783120b97"", ""task_key"": ""person_enrichment_task_df5d269d7e1169340470""}}",2026-06-02T21:16:39.191870+00:00
official_profile_reviewer_decision_16160f3ac3a322e9acd7,official_profile_workbench_b53d907c0973bf867e72,anitra persaud,"Anitra Persaud, MD",resident,Internal Medicine Primary Care Residency,https://www3.pennmedicine.org/departments-and-centers/department-of-medicine/education-and-training/internal-medicine-residency/our-program/categorical/categorical-residents/pgy-3/persaud-anitra,pending,pending_reviewer_decision,0,manual_reviewer_decision_missing,ac76c7d0df386f01fc6d8a24bdacff02f2dd2894bfedb39488f50f19ed993631,,0,0,0,0,0,,,record_accept_reject_or_needs_more_evidence_decision,"{""decision_policy"": {""accepted_profile_url_requires"": [""matching profile_fingerprint"", ""person_identity_confirmed=1"", ""official_source_confirmed=1"", ""profile_context_confirmed=1"", ""source_hash_confirmed=1"", ""display_safety_confirmed=1"", ""reviewer_decision=accept_official_profile_url""], ""roster_truth_policy"": ""profile_url_fact_not_current_roster_truth""}, ""manual_decision"": {}, ""queue_row"": {""allowed_decisions"": ""accept_official_profile_url; reject_identity_mismatch; reject_not_official_source; reject_wrong_or_stale_context; needs_more_evidence"", ""candidate_confidence"": 0.92, ""candidate_domain"": ""www3.pennmedicine.org"", ""candidate_features"": ""[\""content_hash_recorded\"", \""name_present\"", \""official_domain\"", \""penn_domain\"", \""probe_http_200\"", \""profile_path\"", \""program_term\"", \""role_or_training_term\""]"", ""candidate_http_status"": 200, ""candidate_title"": ""Persaud Anitra - Penn Medicine"", ""candidate_url"": ""https://www3.pennmedicine.org/departments-and-centers/department-of-medicine/education-and-training/internal-medicine-residency/our-program/categorical/categorical-residents/pgy-3/persaud-anitra"", ""display_name"": ""Anitra Persaud, MD"", ""display_safety_status"": ""review_ready_not_accepted_profile_url"", ""generated_at"": ""2026-06-02T21:16:39.191870+00:00"", ""person_key"": ""anitra persaud"", ""profile_fingerprint"": ""ac76c7d0df386f01fc6d8a24bdacff02f2dd2894bfedb39488f50f19ed993631"", ""profile_workbench_key"": ""official_profile_workbench_b53d907c0973bf867e72"", ""program_name"": ""Internal Medicine Primary Care Residency"", ""queue_status"": ""ready_for_reviewer_decision"", ""recommended_next_action"": ""record_accept_reject_or_needs_more_evidence_decision"", ""required_confirmation_fields"": ""person_identity_confirmed; official_source_confirmed; profile_context_confirmed; source_hash_confirmed; display_safety_confirmed"", ""required_reviewer_action"": ""Confirm same-person identity, official Penn/Penn Medicine/CHOP source ownership, profile context, content hash/source observation, and display-safety scope before accepting the profile URL fact."", ""reviewer_decision_key"": ""official_profile_reviewer_decision_16160f3ac3a322e9acd7"", ""role"": ""resident"", ""source_sha256"": ""37b498b304aef27bd57ac12ff18822b86dc7e01ebc2a77f36b205471a7be8544"", ""task_key"": ""person_enrichment_task_b7d5799f65e00195d16c""}}",2026-06-02T21:16:39.191870+00:00
official_profile_reviewer_decision_6d867e3a25b99b39029c,official_profile_workbench_1505256bb38f74c6ebed,anne albright,Anne Albright MD,resident,Internal Medicine Primary Care Residency,https://www3.pennmedicine.org/departments-and-centers/department-of-medicine/education-and-training/internal-medicine-residency/our-program/categorical/categorical-residents/pgy-2/albright-anne,pending,pending_reviewer_decision,0,manual_reviewer_decision_missing,6a05946bfd49741ea3f2b811a2c95d0f30c2300dfb53366eafd60c138e1c3741,,0,0,0,0,0,,,record_accept_reject_or_needs_more_evidence_decision,"{""decision_policy"": {""accepted_profile_url_requires"": [""matching profile_fingerprint"", ""person_identity_confirmed=1"", ""official_source_confirmed=1"", ""profile_context_confirmed=1"", ""source_hash_confirmed=1"", ""display_safety_confirmed=1"", ""reviewer_decision=accept_official_profile_url""], ""roster_truth_policy"": ""profile_url_fact_not_current_roster_truth""}, ""manual_decision"": {}, ""queue_row"": {""allowed_decisions"": ""accept_official_profile_url; reject_identity_mismatch; reject_not_official_source; reject_wrong_or_stale_context; needs_more_evidence"", ""candidate_confidence"": 0.92, ""candidate_domain"": ""www3.pennmedicine.org"", ""candidate_features"": ""[\""content_hash_recorded\"", \""name_present\"", \""official_domain\"", \""penn_domain\"", \""probe_http_200\"", \""profile_path\"", \""program_term\"", \""role_or_training_term\""]"", ""candidate_http_status"": 200, ""candidate_title"": ""Albright Anne - Penn Medicine"", ""candidate_url"": ""https://www3.pennmedicine.org/departments-and-centers/department-of-medicine/education-and-training/internal-medicine-residency/our-program/categorical/categorical-residents/pgy-2/albright-anne"", ""display_name"": ""Anne Albright MD"", ""display_safety_status"": ""review_ready_not_accepted_profile_url"", ""generated_at"": ""2026-06-02T21:16:39.191870+00:00"", ""person_key"": ""anne albright"", ""profile_fingerprint"": ""6a05946bfd49741ea3f2b811a2c95d0f30c2300dfb53366eafd60c138e1c3741"", ""profile_workbench_key"": ""official_profile_workbench_1505256bb38f74c6ebed"", ""program_name"": ""Internal Medicine Primary Care Residency"", ""queue_status"": ""ready_for_reviewer_decision"", ""recommended_next_action"": ""record_accept_reject_or_needs_more_evidence_decision"", ""required_confirmation_fields"": ""person_identity_confirmed; official_source_confirmed; profile_context_confirmed; source_hash_confirmed; display_safety_confirmed"", ""required_reviewer_action"": ""Confirm same-person identity, official Penn/Penn Medicine/CHOP source ownership, profile context, content hash/source observation, and display-safety scope before accepting the profile URL fact."", ""reviewer_decision_key"": ""official_profile_reviewer_decision_6d867e3a25b99b39029c"", ""role"": ""resident"", ""source_sha256"": ""05adebd7cfe7aca5c5e98fb0bd25d7ec447421cc35322593260f3f0f86c8b3a7"", ""task_key"": ""person_enrichment_task_e3923a08248ed1edba11""}}",2026-06-02T21:16:39.191870+00:00
official_profile_reviewer_decision_bf3a5408212c0850787e,official_profile_workbench_d40e438a4a94d07442d7,person_arthur-thomas-md_4c4f6e4f501e,"Arthur Thomas, MD",resident,Anesthesiology Residency,https://www3.pennmedicine.org/departments-and-centers/anesthesiology-and-critical-care/education-and-training/residency-program/residents/ca3/thomas-arthur,pending,pending_reviewer_decision,0,manual_reviewer_decision_missing,08ce470ae8d5a7c4d4dbdde5dde2340fa94b7b947a490e2011d24f344d82fa77,,0,0,0,0,0,,,record_accept_reject_or_needs_more_evidence_decision,"{""decision_policy"": {""accepted_profile_url_requires"": [""matching profile_fingerprint"", ""person_identity_confirmed=1"", ""official_source_confirmed=1"", ""profile_context_confirmed=1"", ""source_hash_confirmed=1"", ""display_safety_confirmed=1"", ""reviewer_decision=accept_official_profile_url""], ""roster_truth_policy"": ""profile_url_fact_not_current_roster_truth""}, ""manual_decision"": {}, ""queue_row"": {""allowed_decisions"": ""accept_official_profile_url; reject_identity_mismatch; reject_not_official_source; reject_wrong_or_stale_context; needs_more_evidence"", ""candidate_confidence"": 0.92, ""candidate_domain"": ""www3.pennmedicine.org"", ""candidate_features"": ""[\""content_hash_recorded\"", \""name_present\"", \""official_domain\"", \""penn_domain\"", \""probe_http_200\"", \""profile_path\"", \""program_term\"", \""role_or_training_term\""]"", ""candidate_http_status"": 200, ""candidate_title"": ""Thomas Arthur - Penn Medicine"", ""candidate_url"": ""https://www3.pennmedicine.org/departments-and-centers/anesthesiology-and-critical-care/education-and-training/residency-program/residents/ca3/thomas-arthur"", ""display_name"": ""Arthur Thomas, MD"", ""display_safety_status"": ""review_ready_not_accepted_profile_url"", ""generated_at"": ""2026-06-02T21:16:39.191870+00:00"", ""person_key"": ""person_arthur-thomas-md_4c4f6e4f501e"", ""profile_fingerprint"": ""08ce470ae8d5a7c4d4dbdde5dde2340fa94b7b947a490e2011d24f344d82fa77"", ""profile_workbench_key"": ""official_profile_workbench_d40e438a4a94d07442d7"", ""program_name"": ""Anesthesiology Residency"", ""queue_status"": ""ready_for_reviewer_decision"", ""recommended_next_action"": ""record_accept_reject_or_needs_more_evidence_decision"", ""required_confirmation_fields"": ""person_identity_confirmed; official_source_confirmed; profile_context_confirmed; source_hash_confirmed; display_safety_confirmed"", ""required_reviewer_action"": ""Confirm same-person identity, official Penn/Penn Medicine/CHOP source ownership, profile context, content hash/source observation, and display-safety scope before accepting the profile URL fact."", ""reviewer_decision_key"": ""official_profile_reviewer_decision_bf3a5408212c0850787e"", ""role"": ""resident"", ""source_sha256"": ""dc9812c51c1c1560e877431afc1a99ba678481c8d9d49aa9432ea6199a8999e8"", ""task_key"": ""person_enrichment_task_0cc5214d399eba7d36b0""}}",2026-06-02T21:16:39.191870+00:00
official_profile_reviewer_decision_12895e7c36bcb2dec4b2,official_profile_workbench_6e02b4a70375934898ce,bassel ghaddar,Bassel Ghaddar MD,resident,Internal Medicine Physician-Scientist Pathway,https://www3.pennmedicine.org/departments-and-centers/department-of-medicine/education-and-training/internal-medicine-residency/our-program/categorical/categorical-residents/pgy-1/ghaddar-bassel,pending,pending_reviewer_decision,0,manual_reviewer_decision_missing,473f1f9daab388f347f23652f498c7a32f468eb9284b831bb20526d5349ff761,,0,0,0,0,0,,,record_accept_reject_or_needs_more_evidence_decision,"{""decision_policy"": {""accepted_profile_url_requires"": [""matching profile_fingerprint"", ""person_identity_confirmed=1"", ""official_source_confirmed=1"", ""profile_context_confirmed=1"", ""source_hash_confirmed=1"", ""display_safety_confirmed=1"", ""reviewer_decision=accept_official_profile_url""], ""roster_truth_policy"": ""profile_url_fact_not_current_roster_truth""}, ""manual_decision"": {}, ""queue_row"": {""allowed_decisions"": ""accept_official_profile_url; reject_identity_mismatch; reject_not_official_source; reject_wrong_or_stale_context; needs_more_evidence"", ""candidate_confidence"": 0.92, ""candidate_domain"": ""www3.pennmedicine.org"", ""candidate_features"": ""[\""content_hash_recorded\"", \""name_present\"", \""official_domain\"", \""penn_domain\"", \""probe_http_200\"", \""profile_path\"", \""program_term\"", \""role_or_training_term\""]"", ""candidate_http_status"": 200, ""candidate_title"": ""Ghaddar Bassel - Penn Medicine"", ""candidate_url"": ""https://www3.pennmedicine.org/departments-and-centers/department-of-medicine/education-and-training/internal-medicine-residency/our-program/categorical/categorical-residents/pgy-1/ghaddar-bassel"", ""display_name"": ""Bassel Ghaddar MD"", ""display_safety_status"": ""review_ready_not_accepted_profile_url"", ""generated_at"": ""2026-06-02T21:16:39.191870+00:00"", ""person_key"": ""bassel ghaddar"", ""profile_fingerprint"": ""473f1f9daab388f347f23652f498c7a32f468eb9284b831bb20526d5349ff761"", ""profile_workbench_key"": ""official_profile_workbench_6e02b4a70375934898ce"", ""program_name"": ""Internal Medicine Physician-Scientist Pathway"", ""queue_status"": ""ready_for_reviewer_decision"", ""recommended_next_action"": ""record_accept_reject_or_needs_more_evidence_decision"", ""required_confirmation_fields"": ""person_identity_confirmed; official_source_confirmed; profile_context_confirmed; source_hash_confirmed; display_safety_confirmed"", ""required_reviewer_action"": ""Confirm same-person identity, official Penn/Penn Medicine/CHOP source ownership, profile context, content hash/source observation, and display-safety scope before accepting the profile URL fact."", ""reviewer_decision_key"": ""official_profile_reviewer_decision_12895e7c36bcb2dec4b2"", ""role"": ""resident"", ""source_sha256"": ""803bd3e59470edf8ea57b17884a394ae974ad9f4efcc16cedc09219a97325106"", ""task_key"": ""person_enrichment_task_7f9fb589b48398a3800f""}}",2026-06-02T21:16:39.191870+00:00
official_profile_reviewer_decision_f05731abc3e4bca50d8f,official_profile_workbench_7cc81218b147fb92cbde,javier ocampo mascaro,"Javier Ocampo Mascaro, MD",fellow,"Endocrinology, Diabetes and Metabolism Fellowship",https://www3.pennmedicine.org/departments-and-centers/department-of-medicine/divisions/division-of-endocrinology-diabetes-and-metabolism/education-and-training/endcrinology-fellowship-programs/fellows/recent-graduates/mascaro-javier,pending,pending_reviewer_decision,0,manual_reviewer_decision_missing,ab9d9c0a4d2a9c5aa775ffee103d33401d1f5c1ef1427d4a760f12684c576d36,,0,0,0,0,0,,,record_accept_reject_or_needs_more_evidence_decision,"{""decision_policy"": {""accepted_profile_url_requires"": [""matching profile_fingerprint"", ""person_identity_confirmed=1"", ""official_source_confirmed=1"", ""profile_context_confirmed=1"", ""source_hash_confirmed=1"", ""display_safety_confirmed=1"", ""reviewer_decision=accept_official_profile_url""], ""roster_truth_policy"": ""profile_url_fact_not_current_roster_truth""}, ""manual_decision"": {}, ""queue_row"": {""allowed_decisions"": ""accept_official_profile_url; reject_identity_mismatch; reject_not_official_source; reject_wrong_or_stale_context; needs_more_evidence"", ""candidate_confidence"": 0.92, ""candidate_domain"": ""www3.pennmedicine.org"", ""candidate_features"": ""[\""content_hash_recorded\"", \""name_present\"", \""official_domain\"", \""penn_domain\"", \""probe_http_200\"", \""profile_path\"", \""program_term\"", \""role_or_training_term\""]"", ""candidate_http_status"": 200, ""candidate_title"": ""Mascaro Javier - Penn Medicine"", ""candidate_url"": ""https://www3.pennmedicine.org/departments-and-centers/department-of-medicine/divisions/division-of-endocrinology-diabetes-and-metabolism/education-and-training/endcrinology-fellowship-programs/fellows/recent-graduates/mascaro-javier"", ""display_name"": ""Javier Ocampo Mascaro, MD"", ""display_safety_status"": ""review_ready_not_accepted_profile_url"", ""generated_at"": ""2026-06-02T21:16:39.191870+00:00"", ""person_key"": ""javier ocampo mascaro"", ""profile_fingerprint"": ""ab9d9c0a4d2a9c5aa775ffee103d33401d1f5c1ef1427d4a760f12684c576d36"", ""profile_workbench_key"": ""official_profile_workbench_7cc81218b147fb92cbde"", ""program_name"": ""Endocrinology, Diabetes and Metabolism Fellowship"", ""queue_status"": ""ready_for_reviewer_decision"", ""recommended_next_action"": ""record_accept_reject_or_needs_more_evidence_decision"", ""required_confirmation_fields"": ""person_identity_confirmed; official_source_confirmed; profile_context_confirmed; source_hash_confirmed; display_safety_confirmed"", ""required_reviewer_action"": ""Confirm same-person identity, official Penn/Penn Medicine/CHOP source ownership, profile context, content hash/source observation, and display-safety scope before accepting the profile URL fact."", ""reviewer_decision_key"": ""official_profile_reviewer_decision_f05731abc3e4bca50d8f"", ""role"": ""fellow"", ""source_sha256"": ""e76f7d22e9d5c62f39951b8de740cdc9b93423dfccad9c352aa4e31d2eb15ef1"", ""task_key"": ""person_enrichment_task_00083327d7add3063cac""}}",2026-06-02T21:16:39.191870+00:00
official_profile_reviewer_decision_8d295b8598cbd0787bc8,official_profile_workbench_03a1116b6e75d9418685,kurt koehler,"Kurt Koehler, MD",fellow,Infectious Diseases Fellowship,https://www3.pennmedicine.org/departments-and-centers/department-of-medicine/divisions/infectious-diseases/education-and-training/fellowship-program/current-fellows/second-year-fellows/koehler-kurt,pending,pending_reviewer_decision,0,manual_reviewer_decision_missing,75e9118478c2e3146a49d39a495802406ff269bf03b51f19b49c85b181c658e5,,0,0,0,0,0,,,record_accept_reject_or_needs_more_evidence_decision,"{""decision_policy"": {""accepted_profile_url_requires"": [""matching profile_fingerprint"", ""person_identity_confirmed=1"", ""official_source_confirmed=1"", ""profile_context_confirmed=1"", ""source_hash_confirmed=1"", ""display_safety_confirmed=1"", ""reviewer_decision=accept_official_profile_url""], ""roster_truth_policy"": ""profile_url_fact_not_current_roster_truth""}, ""manual_decision"": {}, ""queue_row"": {""allowed_decisions"": ""accept_official_profile_url; reject_identity_mismatch; reject_not_official_source; reject_wrong_or_stale_context; needs_more_evidence"", ""candidate_confidence"": 0.92, ""candidate_domain"": ""www3.pennmedicine.org"", ""candidate_features"": ""[\""content_hash_recorded\"", \""name_present\"", \""official_domain\"", \""penn_domain\"", \""probe_http_200\"", \""profile_path\"", \""program_term\"", \""role_or_training_term\""]"", ""candidate_http_status"": 200, ""candidate_title"": ""Koehler Kurt - Penn Medicine"", ""candidate_url"": ""https://www3.pennmedicine.org/departments-and-centers/department-of-medicine/divisions/infectious-diseases/education-and-training/fellowship-program/current-fellows/second-year-fellows/koehler-kurt"", ""display_name"": ""Kurt Koehler, MD"", ""display_safety_status"": ""review_ready_not_accepted_profile_url"", ""generated_at"": ""2026-06-02T21:16:39.191870+00:00"", ""person_key"": ""kurt koehler"", ""profile_fingerprint"": ""75e9118478c2e3146a49d39a495802406ff269bf03b51f19b49c85b181c658e5"", ""profile_workbench_key"": ""official_profile_workbench_03a1116b6e75d9418685"", ""program_name"": ""Infectious Diseases Fellowship"", ""queue_status"": ""ready_for_reviewer_decision"", ""recommended_next_action"": ""record_accept_reject_or_needs_more_evidence_decision"", ""required_confirmation_fields"": ""person_identity_confirmed; official_source_confirmed; profile_context_confirmed; source_hash_confirmed; display_safety_confirmed"", ""required_reviewer_action"": ""Confirm same-person identity, official Penn/Penn Medicine/CHOP source ownership, profile context, content hash/source observation, and display-safety scope before accepting the profile URL fact."", ""reviewer_decision_key"": ""official_profile_reviewer_decision_8d295b8598cbd0787bc8"", ""role"": ""fellow"", ""source_sha256"": ""af547f81441014ec77f989cdbefae6e4d673d06fe475fcc43816db4c0d5146ad"", ""task_key"": ""person_enrichment_task_bae6caffabe0c5a94031""}}",2026-06-02T21:16:39.191870+00:00
official_profile_reviewer_decision_91f9350686856f82144a,official_profile_workbench_212c6bc282b1b958e55f,marianne riordan,"Marianne Riordan, MBChB",fellow,"Endocrinology, Diabetes and Metabolism Fellowship",https://www3.pennmedicine.org/departments-and-centers/department-of-medicine/divisions/division-of-endocrinology-diabetes-and-metabolism/education-and-training/endcrinology-fellowship-programs/fellows/recent-graduates/riordan-marianne,pending,pending_reviewer_decision,0,manual_reviewer_decision_missing,9329a41e915ef5190bc30c65b3f4234f50814da66fb51f9aa7ab38ad5d7c41c3,,0,0,0,0,0,,,record_accept_reject_or_needs_more_evidence_decision,"{""decision_policy"": {""accepted_profile_url_requires"": [""matching profile_fingerprint"", ""person_identity_confirmed=1"", ""official_source_confirmed=1"", ""profile_context_confirmed=1"", ""source_hash_confirmed=1"", ""display_safety_confirmed=1"", ""reviewer_decision=accept_official_profile_url""], ""roster_truth_policy"": ""profile_url_fact_not_current_roster_truth""}, ""manual_decision"": {}, ""queue_row"": {""allowed_decisions"": ""accept_official_profile_url; reject_identity_mismatch; reject_not_official_source; reject_wrong_or_stale_context; needs_more_evidence"", ""candidate_confidence"": 0.92, ""candidate_domain"": ""www3.pennmedicine.org"", ""candidate_features"": ""[\""content_hash_recorded\"", \""name_present\"", \""official_domain\"", \""penn_domain\"", \""probe_http_200\"", \""profile_path\"", \""program_term\"", \""role_or_training_term\""]"", ""candidate_http_status"": 200, ""candidate_title"": ""Marianne Riordan - Penn Medicine"", ""candidate_url"": ""https://www3.pennmedicine.org/departments-and-centers/department-of-medicine/divisions/division-of-endocrinology-diabetes-and-metabolism/education-and-training/endcrinology-fellowship-programs/fellows/recent-graduates/riordan-marianne"", ""display_name"": ""Marianne Riordan, MBChB"", ""display_safety_status"": ""review_ready_not_accepted_profile_url"", ""generated_at"": ""2026-06-02T21:16:39.191870+00:00"", ""person_key"": ""marianne riordan"", ""profile_fingerprint"": ""9329a41e915ef5190bc30c65b3f4234f50814da66fb51f9aa7ab38ad5d7c41c3"", ""profile_workbench_key"": ""official_profile_workbench_212c6bc282b1b958e55f"", ""program_name"": ""Endocrinology, Diabetes and Metabolism Fellowship"", ""queue_status"": ""ready_for_reviewer_decision"", ""recommended_next_action"": ""record_accept_reject_or_needs_more_evidence_decision"", ""required_confirmation_fields"": ""person_identity_confirmed; official_source_confirmed; profile_context_confirmed; source_hash_confirmed; display_safety_confirmed"", ""required_reviewer_action"": ""Confirm same-person identity, official Penn/Penn Medicine/CHOP source ownership, profile context, content hash/source observation, and display-safety scope before accepting the profile URL fact."", ""reviewer_decision_key"": ""official_profile_reviewer_decision_91f9350686856f82144a"", ""role"": ""fellow"", ""source_sha256"": ""24516fe7ce43baabc7e4f3e371a0c63ffd429ffdfa72ae531ea42d58b6f4e651"", ""task_key"": ""person_enrichment_task_18d34dfdd25374520f15""}}",2026-06-02T21:16:39.191870+00:00
official_profile_reviewer_decision_176bd22ece07244abcbc,official_profile_workbench_51029362f7e584baa3d3,natalie dapas,"Natalie Dapas, MD",fellow,"Endocrinology, Diabetes and Metabolism Fellowship",https://www3.pennmedicine.org/departments-and-centers/department-of-medicine/divisions/division-of-endocrinology-diabetes-and-metabolism/education-and-training/endcrinology-fellowship-programs/fellows/recent-graduates/dapas-natalie,pending,pending_reviewer_decision,0,manual_reviewer_decision_missing,0a6ab799cb916f2c58c5bffd962b2cb4715f5640c6d0f82b0d33c82095f2dad2,,0,0,0,0,0,,,record_accept_reject_or_needs_more_evidence_decision,"{""decision_policy"": {""accepted_profile_url_requires"": [""matching profile_fingerprint"", ""person_identity_confirmed=1"", ""official_source_confirmed=1"", ""profile_context_confirmed=1"", ""source_hash_confirmed=1"", ""display_safety_confirmed=1"", ""reviewer_decision=accept_official_profile_url""], ""roster_truth_policy"": ""profile_url_fact_not_current_roster_truth""}, ""manual_decision"": {}, ""queue_row"": {""allowed_decisions"": ""accept_official_profile_url; reject_identity_mismatch; reject_not_official_source; reject_wrong_or_stale_context; needs_more_evidence"", ""candidate_confidence"": 0.92, ""candidate_domain"": ""www3.pennmedicine.org"", ""candidate_features"": ""[\""content_hash_recorded\"", \""name_present\"", \""official_domain\"", \""penn_domain\"", \""probe_http_200\"", \""profile_path\"", \""program_term\"", \""role_or_training_term\""]"", ""candidate_http_status"": 200, ""candidate_title"": ""Dapas Natalie - Penn Medicine"", ""candidate_url"": ""https://www3.pennmedicine.org/departments-and-centers/department-of-medicine/divisions/division-of-endocrinology-diabetes-and-metabolism/education-and-training/endcrinology-fellowship-programs/fellows/recent-graduates/dapas-natalie"", ""display_name"": ""Natalie Dapas, MD"", ""display_safety_status"": ""review_ready_not_accepted_profile_url"", ""generated_at"": ""2026-06-02T21:16:39.191870+00:00"", ""person_key"": ""natalie dapas"", ""profile_fingerprint"": ""0a6ab799cb916f2c58c5bffd962b2cb4715f5640c6d0f82b0d33c82095f2dad2"", ""profile_workbench_key"": ""official_profile_workbench_51029362f7e584baa3d3"", ""program_name"": ""Endocrinology, Diabetes and Metabolism Fellowship"", ""queue_status"": ""ready_for_reviewer_decision"", ""recommended_next_action"": ""record_accept_reject_or_needs_more_evidence_decision"", ""required_confirmation_fields"": ""person_identity_confirmed; official_source_confirmed; profile_context_confirmed; source_hash_confirmed; display_safety_confirmed"", ""required_reviewer_action"": ""Confirm same-person identity, official Penn/Penn Medicine/CHOP source ownership, profile context, content hash/source observation, and display-safety scope before accepting the profile URL fact."", ""reviewer_decision_key"": ""official_profile_reviewer_decision_176bd22ece07244abcbc"", ""role"": ""fellow"", ""source_sha256"": ""a64a27698e8abab4107cfcea1589d8dd400716fbb3031e3818fa369bd015db7a"", ""task_key"": ""person_enrichment_task_422564f66f65d6a2644e""}}",2026-06-02T21:16:39.191870+00:00
official_profile_reviewer_decision_f0ea6e943dfb1859edd5,official_profile_workbench_4eca8a01c4ea29828b29,pamela anne dolnik,"Pamela Anne Dolnik, MD",fellow,"Endocrinology, Diabetes and Metabolism Fellowship",https://www3.pennmedicine.org/departments-and-centers/department-of-medicine/divisions/division-of-endocrinology-diabetes-and-metabolism/education-and-training/endcrinology-fellowship-programs/fellows/recent-graduates/dolnik-pamela,pending,pending_reviewer_decision,0,manual_reviewer_decision_missing,3df1720c8dbaabddd2672c3e1bd858dc6a89653df03a1485ed8bc71b04138e9c,,0,0,0,0,0,,,record_accept_reject_or_needs_more_evidence_decision,"{""decision_policy"": {""accepted_profile_url_requires"": [""matching profile_fingerprint"", ""person_identity_confirmed=1"", ""official_source_confirmed=1"", ""profile_context_confirmed=1"", ""source_hash_confirmed=1"", ""display_safety_confirmed=1"", ""reviewer_decision=accept_official_profile_url""], ""roster_truth_policy"": ""profile_url_fact_not_current_roster_truth""}, ""manual_decision"": {}, ""queue_row"": {""allowed_decisions"": ""accept_official_profile_url; reject_identity_mismatch; reject_not_official_source; reject_wrong_or_stale_context; needs_more_evidence"", ""candidate_confidence"": 0.92, ""candidate_domain"": ""www3.pennmedicine.org"", ""candidate_features"": ""[\""content_hash_recorded\"", \""name_present\"", \""official_domain\"", \""penn_domain\"", \""probe_http_200\"", \""profile_path\"", \""program_term\"", \""role_or_training_term\""]"", ""candidate_http_status"": 200, ""candidate_title"": ""Dolnik Pamela - Penn Medicine"", ""candidate_url"": ""https://www3.pennmedicine.org/departments-and-centers/department-of-medicine/divisions/division-of-endocrinology-diabetes-and-metabolism/education-and-training/endcrinology-fellowship-programs/fellows/recent-graduates/dolnik-pamela"", ""display_name"": ""Pamela Anne Dolnik, MD"", ""display_safety_status"": ""review_ready_not_accepted_profile_url"", ""generated_at"": ""2026-06-02T21:16:39.191870+00:00"", ""person_key"": ""pamela anne dolnik"", ""profile_fingerprint"": ""3df1720c8dbaabddd2672c3e1bd858dc6a89653df03a1485ed8bc71b04138e9c"", ""profile_workbench_key"": ""official_profile_workbench_4eca8a01c4ea29828b29"", ""program_name"": ""Endocrinology, Diabetes and Metabolism Fellowship"", ""queue_status"": ""ready_for_reviewer_decision"", ""recommended_next_action"": ""record_accept_reject_or_needs_more_evidence_decision"", ""required_confirmation_fields"": ""person_identity_confirmed; official_source_confirmed; profile_context_confirmed; source_hash_confirmed; display_safety_confirmed"", ""required_reviewer_action"": ""Confirm same-person identity, official Penn/Penn Medicine/CHOP source ownership, profile context, content hash/source observation, and display-safety scope before accepting the profile URL fact."", ""reviewer_decision_key"": ""official_profile_reviewer_decision_f0ea6e943dfb1859edd5"", ""role"": ""fellow"", ""source_sha256"": ""c76f84e6ed133d5b04da362f05ce3593d420844a4b5ca75b3205eb6c1074838c"", ""task_key"": ""person_enrichment_task_b5d9d1d74b1c52d1362a""}}",2026-06-02T21:16:39.191870+00:00
official_profile_reviewer_decision_2c19d05dd4371c373417,official_profile_workbench_4eec871630c290cfdb63,patricia yea chu,"Patricia Yea Chu, MD",fellow,"Endocrinology, Diabetes and Metabolism Fellowship",https://www3.pennmedicine.org/departments-and-centers/department-of-medicine/divisions/division-of-endocrinology-diabetes-and-metabolism/education-and-training/endcrinology-fellowship-programs/fellows/recent-graduates/chu-patricia,pending,pending_reviewer_decision,0,manual_reviewer_decision_missing,926dc94a93ae39e7855fb1bc06a412d0b861dfde3ff86822723bbcbd97993eeb,,0,0,0,0,0,,,record_accept_reject_or_needs_more_evidence_decision,"{""decision_policy"": {""accepted_profile_url_requires"": [""matching profile_fingerprint"", ""person_identity_confirmed=1"", ""official_source_confirmed=1"", ""profile_context_confirmed=1"", ""source_hash_confirmed=1"", ""display_safety_confirmed=1"", ""reviewer_decision=accept_official_profile_url""], ""roster_truth_policy"": ""profile_url_fact_not_current_roster_truth""}, ""manual_decision"": {}, ""queue_row"": {""allowed_decisions"": ""accept_official_profile_url; reject_identity_mismatch; reject_not_official_source; reject_wrong_or_stale_context; needs_more_evidence"", ""candidate_confidence"": 0.92, ""candidate_domain"": ""www3.pennmedicine.org"", ""candidate_features"": ""[\""content_hash_recorded\"", \""name_present\"", \""official_domain\"", \""penn_domain\"", \""probe_http_200\"", \""profile_path\"", \""program_term\"", \""role_or_training_term\""]"", ""candidate_http_status"": 200, ""candidate_title"": ""Chu Patricia - Penn Medicine"", ""candidate_url"": ""https://www3.pennmedicine.org/departments-and-centers/department-of-medicine/divisions/division-of-endocrinology-diabetes-and-metabolism/education-and-training/endcrinology-fellowship-programs/fellows/recent-graduates/chu-patricia"", ""display_name"": ""Patricia Yea Chu, MD"", ""display_safety_status"": ""review_ready_not_accepted_profile_url"", ""generated_at"": ""2026-06-02T21:16:39.191870+00:00"", ""person_key"": ""patricia yea chu"", ""profile_fingerprint"": ""926dc94a93ae39e7855fb1bc06a412d0b861dfde3ff86822723bbcbd97993eeb"", ""profile_workbench_key"": ""official_profile_workbench_4eec871630c290cfdb63"", ""program_name"": ""Endocrinology, Diabetes and Metabolism Fellowship"", ""queue_status"": ""ready_for_reviewer_decision"", ""recommended_next_action"": ""record_accept_reject_or_needs_more_evidence_decision"", ""required_confirmation_fields"": ""person_identity_confirmed; official_source_confirmed; profile_context_confirmed; source_hash_confirmed; display_safety_confirmed"", ""required_reviewer_action"": ""Confirm same-person identity, official Penn/Penn Medicine/CHOP source ownership, profile context, content hash/source observation, and display-safety scope before accepting the profile URL fact."", ""reviewer_decision_key"": ""official_profile_reviewer_decision_2c19d05dd4371c373417"", ""role"": ""fellow"", ""source_sha256"": ""f227b19abfb51f581ac3b8745d76a4c9f6e568a1c5e2d6bdb7a5a57a8f6e4136"", ""task_key"": ""person_enrichment_task_ee866d2df1b587eeabac""}}",2026-06-02T21:16:39.191870+00:00
official_profile_reviewer_decision_4617d628818af7e1d09a,official_profile_workbench_f4de146de517daa5d5be,raashi mamtani,"Raashi Mamtani, DO",fellow,"Endocrinology, Diabetes and Metabolism Fellowship",https://www3.pennmedicine.org/departments-and-centers/department-of-medicine/divisions/division-of-endocrinology-diabetes-and-metabolism/education-and-training/endcrinology-fellowship-programs/fellows/recent-graduates/mamtani-raashi,pending,pending_reviewer_decision,0,manual_reviewer_decision_missing,c97663689eb6ab67ac01f2225dda91e9f8b784a6388327904b864635738dd7c2,,0,0,0,0,0,,,record_accept_reject_or_needs_more_evidence_decision,"{""decision_policy"": {""accepted_profile_url_requires"": [""matching profile_fingerprint"", ""person_identity_confirmed=1"", ""official_source_confirmed=1"", ""profile_context_confirmed=1"", ""source_hash_confirmed=1"", ""display_safety_confirmed=1"", ""reviewer_decision=accept_official_profile_url""], ""roster_truth_policy"": ""profile_url_fact_not_current_roster_truth""}, ""manual_decision"": {}, ""queue_row"": {""allowed_decisions"": ""accept_official_profile_url; reject_identity_mismatch; reject_not_official_source; reject_wrong_or_stale_context; needs_more_evidence"", ""candidate_confidence"": 0.92, ""candidate_domain"": ""www3.pennmedicine.org"", ""candidate_features"": ""[\""content_hash_recorded\"", \""name_present\"", \""official_domain\"", \""penn_domain\"", \""probe_http_200\"", \""profile_path\"", \""program_term\"", \""role_or_training_term\""]"", ""candidate_http_status"": 200, ""candidate_title"": ""Mamtani Raashi - Penn Medicine"", ""candidate_url"": ""https://www3.pennmedicine.org/departments-and-centers/department-of-medicine/divisions/division-of-endocrinology-diabetes-and-metabolism/education-and-training/endcrinology-fellowship-programs/fellows/recent-graduates/mamtani-raashi"", ""display_name"": ""Raashi Mamtani, DO"", ""display_safety_status"": ""review_ready_not_accepted_profile_url"", ""generated_at"": ""2026-06-02T21:16:39.191870+00:00"", ""person_key"": ""raashi mamtani"", ""profile_fingerprint"": ""c97663689eb6ab67ac01f2225dda91e9f8b784a6388327904b864635738dd7c2"", ""profile_workbench_key"": ""official_profile_workbench_f4de146de517daa5d5be"", ""program_name"": ""Endocrinology, Diabetes and Metabolism Fellowship"", ""queue_status"": ""ready_for_reviewer_decision"", ""recommended_next_action"": ""record_accept_reject_or_needs_more_evidence_decision"", ""required_confirmation_fields"": ""person_identity_confirmed; official_source_confirmed; profile_context_confirmed; source_hash_confirmed; display_safety_confirmed"", ""required_reviewer_action"": ""Confirm same-person identity, official Penn/Penn Medicine/CHOP source ownership, profile context, content hash/source observation, and display-safety scope before accepting the profile URL fact."", ""reviewer_decision_key"": ""official_profile_reviewer_decision_4617d628818af7e1d09a"", ""role"": ""fellow"", ""source_sha256"": ""6fa1654487d1a32aec7de872e36f6501d4cb74c0cec66e97f2f92e118a33c650"", ""task_key"": ""person_enrichment_task_aa21167f4ea628dd7969""}}",2026-06-02T21:16:39.191870+00:00
official_profile_reviewer_decision_9158307be6368e2d9491,official_profile_workbench_a31fc5bee3eb7a2e9207,sapir nachum goldberg,"Sapir Nachum Goldberg, MD",fellow,"Endocrinology, Diabetes and Metabolism Fellowship",https://www3.pennmedicine.org/departments-and-centers/department-of-medicine/divisions/division-of-endocrinology-diabetes-and-metabolism/education-and-training/endcrinology-fellowship-programs/fellows/recent-graduates/goldberg-sapir,pending,pending_reviewer_decision,0,manual_reviewer_decision_missing,89bb6eead93c98d6d42871c37306169e7d93d7ded2af785222e569b25ecd97f9,,0,0,0,0,0,,,record_accept_reject_or_needs_more_evidence_decision,"{""decision_policy"": {""accepted_profile_url_requires"": [""matching profile_fingerprint"", ""person_identity_confirmed=1"", ""official_source_confirmed=1"", ""profile_context_confirmed=1"", ""source_hash_confirmed=1"", ""display_safety_confirmed=1"", ""reviewer_decision=accept_official_profile_url""], ""roster_truth_policy"": ""profile_url_fact_not_current_roster_truth""}, ""manual_decision"": {}, ""queue_row"": {""allowed_decisions"": ""accept_official_profile_url; reject_identity_mismatch; reject_not_official_source; reject_wrong_or_stale_context; needs_more_evidence"", ""candidate_confidence"": 0.92, ""candidate_domain"": ""www3.pennmedicine.org"", ""candidate_features"": ""[\""content_hash_recorded\"", \""name_present\"", \""official_domain\"", \""penn_domain\"", \""probe_http_200\"", \""profile_path\"", \""program_term\"", \""role_or_training_term\""]"", ""candidate_http_status"": 200, ""candidate_title"": ""Goldberg Nachum Sapir - Penn Medicine"", ""candidate_url"": ""https://www3.pennmedicine.org/departments-and-centers/department-of-medicine/divisions/division-of-endocrinology-diabetes-and-metabolism/education-and-training/endcrinology-fellowship-programs/fellows/recent-graduates/goldberg-sapir"", ""display_name"": ""Sapir Nachum Goldberg, MD"", ""display_safety_status"": ""review_ready_not_accepted_profile_url"", ""generated_at"": ""2026-06-02T21:16:39.191870+00:00"", ""person_key"": ""sapir nachum goldberg"", ""profile_fingerprint"": ""89bb6eead93c98d6d42871c37306169e7d93d7ded2af785222e569b25ecd97f9"", ""profile_workbench_key"": ""official_profile_workbench_a31fc5bee3eb7a2e9207"", ""program_name"": ""Endocrinology, Diabetes and Metabolism Fellowship"", ""queue_status"": ""ready_for_reviewer_decision"", ""recommended_next_action"": ""record_accept_reject_or_needs_more_evidence_decision"", ""required_confirmation_fields"": ""person_identity_confirmed; official_source_confirmed; profile_context_confirmed; source_hash_confirmed; display_safety_confirmed"", ""required_reviewer_action"": ""Confirm same-person identity, official Penn/Penn Medicine/CHOP source ownership, profile context, content hash/source observation, and display-safety scope before accepting the profile URL fact."", ""reviewer_decision_key"": ""official_profile_reviewer_decision_9158307be6368e2d9491"", ""role"": ""fellow"", ""source_sha256"": ""93eb9dd77d80f1cdff816a4e6801b05d85022da57007dba8d56348e714c69e94"", ""task_key"": ""person_enrichment_task_eb7f9dcf515463bd527f""}}",2026-06-02T21:16:39.191870+00:00
official_profile_reviewer_decision_be6526e51caba52cb156,official_profile_workbench_ddd6e97a72f1fc4f20d8,sujatha reddy,"Sujatha Reddy, MD",fellow,"Endocrinology, Diabetes and Metabolism Fellowship",https://www3.pennmedicine.org/departments-and-centers/department-of-medicine/divisions/division-of-endocrinology-diabetes-and-metabolism/education-and-training/endcrinology-fellowship-programs/fellows/recent-graduates/reddy-sujatha,pending,pending_reviewer_decision,0,manual_reviewer_decision_missing,d3e641e360c18dbd1404e23de9ee99cab8b4979fc3f124034bb7964922ea5189,,0,0,0,0,0,,,record_accept_reject_or_needs_more_evidence_decision,"{""decision_policy"": {""accepted_profile_url_requires"": [""matching profile_fingerprint"", ""person_identity_confirmed=1"", ""official_source_confirmed=1"", ""profile_context_confirmed=1"", ""source_hash_confirmed=1"", ""display_safety_confirmed=1"", ""reviewer_decision=accept_official_profile_url""], ""roster_truth_policy"": ""profile_url_fact_not_current_roster_truth""}, ""manual_decision"": {}, ""queue_row"": {""allowed_decisions"": ""accept_official_profile_url; reject_identity_mismatch; reject_not_official_source; reject_wrong_or_stale_context; needs_more_evidence"", ""candidate_confidence"": 0.92, ""candidate_domain"": ""www3.pennmedicine.org"", ""candidate_features"": ""[\""content_hash_recorded\"", \""name_present\"", \""official_domain\"", \""penn_domain\"", \""probe_http_200\"", \""profile_path\"", \""program_term\"", \""role_or_training_term\""]"", ""candidate_http_status"": 200, ""candidate_title"": ""Reddy Sujatha - Penn Medicine"", ""candidate_url"": ""https://www3.pennmedicine.org/departments-and-centers/department-of-medicine/divisions/division-of-endocrinology-diabetes-and-metabolism/education-and-training/endcrinology-fellowship-programs/fellows/recent-graduates/reddy-sujatha"", ""display_name"": ""Sujatha Reddy, MD"", ""display_safety_status"": ""review_ready_not_accepted_profile_url"", ""generated_at"": ""2026-06-02T21:16:39.191870+00:00"", ""person_key"": ""sujatha reddy"", ""profile_fingerprint"": ""d3e641e360c18dbd1404e23de9ee99cab8b4979fc3f124034bb7964922ea5189"", ""profile_workbench_key"": ""official_profile_workbench_ddd6e97a72f1fc4f20d8"", ""program_name"": ""Endocrinology, Diabetes and Metabolism Fellowship"", ""queue_status"": ""ready_for_reviewer_decision"", ""recommended_next_action"": ""record_accept_reject_or_needs_more_evidence_decision"", ""required_confirmation_fields"": ""person_identity_confirmed; official_source_confirmed; profile_context_confirmed; source_hash_confirmed; display_safety_confirmed"", ""required_reviewer_action"": ""Confirm same-person identity, official Penn/Penn Medicine/CHOP source ownership, profile context, content hash/source observation, and display-safety scope before accepting the profile URL fact."", ""reviewer_decision_key"": ""official_profile_reviewer_decision_be6526e51caba52cb156"", ""role"": ""fellow"", ""source_sha256"": ""4ba1022638bfb75e8076601e5ad370499c053b4191b2a6223dba1bba34056807"", ""task_key"": ""person_enrichment_task_2140c774abbfbd785344""}}",2026-06-02T21:16:39.191870+00:00
