identifier_key,official_program_key,identifier_type,identifier_value,identifier_source,source_url,acceptance_status,confidence,accepted_from_candidate_key,accepted_at,evidence_json
official_program_identifier_hup-gme-fellowship-abdominal-radiology-46b381e34_e57f8dbb8d772f65,hup_gme_fellowship_abdominal-radiology_46b381e34efc,acgme_program_code,4214113008,acgme_public_program_search,https://apps.acgme.org/ads/Public/Programs/Detail?orgCode=4214113008,accepted,0.91,program_identifier_candidate_hup-gme-fellowship-abdominal-radiology-46b381e34_32a728851d052c90,2026-06-02T09:32:56.800704+00:00,"{""candidate_evidence"": {""acgme_data_item_key"": ""8451"", ""acgme_status_cell"": "",1,9,"", ""candidate_is_non_mutating"": true, ""official_program_url"": ""https://www3.pennmedicine.org/departments-and-centers/department-of-radiology/education-and-training/fellowships/fellowship-programs/accredited-fellowships/abdominal-imaging-fellowship""}, ""rationale"": ""Single strong ACGME candidate with no close competing Penn/UPHS facility or track sibling."", ""reconciliation_status"": ""accepted_official_program_identifier"", ""source_city"": ""Philadelphia"", ""source_program_name"": ""University of Pennsylvania Health System Program"", ""source_program_specialty"": ""Abdominal radiology""}"
official_program_identifier_hup-gme-fellowship-addiction-medicine-98c9790536_45b7e792d57f89ad,hup_gme_fellowship_addiction-medicine_98c979053614,acgme_program_code,4044140008,acgme_public_program_search,https://apps.acgme.org/ads/Public/Programs/Detail?orgCode=4044140008,accepted,0.91,program_identifier_candidate_hup-gme-fellowship-addiction-medicine-98c9790536_a208aa71891e892f,2026-06-02T09:32:56.800704+00:00,"{""candidate_evidence"": {""acgme_data_item_key"": ""51538"", ""acgme_status_cell"": "",1,9,"", ""candidate_is_non_mutating"": true, ""official_program_url"": ""https://www3.pennmedicine.org/departments-and-centers/family-medicine-and-community-health/education-and-training/fellowship""}, ""rationale"": ""Single strong ACGME candidate with no close competing Penn/UPHS facility or track sibling."", ""reconciliation_status"": ""accepted_official_program_identifier"", ""source_city"": ""Philadelphia"", ""source_program_name"": ""University of Pennsylvania Health System Program"", ""source_program_specialty"": ""Addiction medicine (multidisciplinary)""}"
official_program_identifier_hup-gme-fellowship-addiction-psychiatry-1e5ea7fd_4c1545eed3694b40,hup_gme_fellowship_addiction-psychiatry_1e5ea7fd48a3,acgme_program_code,4014121011,acgme_public_program_search,https://apps.acgme.org/ads/Public/Programs/Detail?orgCode=4014121011,accepted,0.91,program_identifier_candidate_hup-gme-fellowship-addiction-psychiatry-1e5ea7fd_958311775e3e0661,2026-06-02T09:32:56.800704+00:00,"{""candidate_evidence"": {""acgme_data_item_key"": ""6215"", ""acgme_status_cell"": "",1,9,"", ""candidate_is_non_mutating"": true, ""official_program_url"": ""https://www.med.upenn.edu/psychiatry/formalfellowships.html#addictions""}, ""rationale"": ""Single strong ACGME candidate with no close competing Penn/UPHS facility or track sibling."", ""reconciliation_status"": ""accepted_official_program_identifier"", ""source_city"": ""Philadelphia"", ""source_program_name"": ""University of Pennsylvania Health System Program"", ""source_program_specialty"": ""Addiction psychiatry""}"
official_program_identifier_hup-gme-fellowship-adult-cardiothoracic-anesthes_4b49e78d780af67c,hup_gme_fellowship_adult-cardiothoracic-anesthesiology_84bd23c52b1e,acgme_program_code,0414131008,acgme_public_program_search,https://apps.acgme.org/ads/Public/Programs/Detail?orgCode=0414131008,accepted,0.91,program_identifier_candidate_hup-gme-fellowship-adult-cardiothoracic-anesthes_a3a0dad98c168497,2026-06-02T09:32:56.800704+00:00,"{""candidate_evidence"": {""acgme_data_item_key"": ""9435"", ""acgme_status_cell"": "",1,9,"", ""candidate_is_non_mutating"": true, ""official_program_url"": ""https://www3.pennmedicine.org/departments-and-centers/anesthesiology-and-critical-care/education-and-training/fellowship-programs""}, ""rationale"": ""Single strong ACGME candidate with no close competing Penn/UPHS facility or track sibling."", ""reconciliation_status"": ""accepted_official_program_identifier"", ""source_city"": ""Philadelphia"", ""source_program_name"": ""University of Pennsylvania Health System Program"", ""source_program_specialty"": ""Adult cardiothoracic anesthesiology""}"
official_program_identifier_hup-gme-fellowship-adult-congenital-heart-diseas_c14d0f065c8b1ed1,hup_gme_fellowship_adult-congenital-heart-disease_8eef191db90c,acgme_program_code,1534114001,acgme_public_program_search,https://apps.acgme.org/ads/Public/Programs/Detail?orgCode=1534114001,accepted,0.91,program_identifier_candidate_hup-gme-fellowship-adult-congenital-heart-diseas_58f0aa29bfe2fe1d,2026-06-02T09:32:56.800704+00:00,"{""candidate_evidence"": {""acgme_data_item_key"": ""38823"", ""acgme_status_cell"": "",1,9,"", ""candidate_is_non_mutating"": true, ""official_program_url"": ""https://www3.pennmedicine.org/departments-and-centers/department-of-medicine/divisions/division-of-cardiovascular-medicine/education-and-training/fellowship-programs/adult-congenital-heart-disease-fellowship""}, ""rationale"": ""Single strong ACGME candidate with no close competing Penn/UPHS facility or track sibling."", ""reconciliation_status"": ""accepted_official_program_identifier"", ""source_city"": ""Philadelphia"", ""source_program_name"": ""University of Pennsylvania Health System Program"", ""source_program_specialty"": ""Adult congenital heart disease""}"
official_program_identifier_hup-gme-fellowship-adult-reconstructive-orthoped_fd36cd24d1e28bb8,hup_gme_fellowship_adult-reconstructive-orthopedics_ba6a91e2425b,acgme_program_code,2614121001,acgme_public_program_search,https://apps.acgme.org/ads/Public/Programs/Detail?orgCode=2614121001,accepted,0.91,program_identifier_candidate_hup-gme-fellowship-adult-reconstructive-orthoped_f089ee241ada66b1,2026-06-02T09:32:56.800704+00:00,"{""candidate_evidence"": {""acgme_data_item_key"": ""3853"", ""acgme_status_cell"": "",1,9,"", ""candidate_is_non_mutating"": true, ""official_program_url"": ""https://www3.pennmedicine.org/departments-and-centers/orthopaedic-surgery/education-and-training/fellowships/adult-reconstruction""}, ""rationale"": ""Single strong ACGME candidate with no close competing Penn/UPHS facility or track sibling."", ""reconciliation_status"": ""accepted_official_program_identifier"", ""source_city"": ""Philadelphia"", ""source_program_name"": ""University of Pennsylvania Health System Program"", ""source_program_specialty"": ""Adult reconstructive orthopaedics""}"
official_program_identifier_hup-gme-fellowship-allergy-and-immunology-b48c99_fe341185091777f6,hup_gme_fellowship_allergy-and-immunology_b48c99ddb29d,acgme_program_code,0204121075,acgme_public_program_search,https://apps.acgme.org/ads/Public/Programs/Detail?orgCode=0204121075,accepted,0.91,program_identifier_candidate_hup-gme-fellowship-allergy-and-immunology-b48c99_05762c19367f58ec,2026-06-02T09:32:56.800704+00:00,"{""candidate_evidence"": {""acgme_data_item_key"": ""64"", ""acgme_status_cell"": "",1,9,"", ""candidate_is_non_mutating"": true, ""official_program_url"": ""https://www3.pennmedicine.org/departments-and-centers/department-of-medicine/divisions/pulmonology-allergy-and-critical-care/allergy-and-immunology/allergy-immunology-fellowship""}, ""rationale"": ""Single strong ACGME candidate with no close competing Penn/UPHS facility or track sibling."", ""reconciliation_status"": ""accepted_official_program_identifier"", ""source_city"": ""Philadelphia"", ""source_program_name"": ""University of Pennsylvania Health System Program"", ""source_program_specialty"": ""Allergy and immunology""}"
official_program_identifier_hup-gme-residency-anesthesiology-594ed9d7c592-ac_f544113a6c13dc4e,hup_gme_residency_anesthesiology_594ed9d7c592,acgme_program_code,0404121134,acgme_public_program_search,https://apps.acgme.org/ads/Public/Programs/Detail?orgCode=0404121134,accepted,0.91,program_identifier_candidate_hup-gme-residency-anesthesiology-594ed9d7c592-ac_b50499bf9b0237d4,2026-06-02T09:32:56.800704+00:00,"{""candidate_evidence"": {""acgme_data_item_key"": ""331"", ""acgme_status_cell"": "",1,9,"", ""candidate_is_non_mutating"": true, ""official_program_url"": ""https://www3.pennmedicine.org/departments-and-centers/anesthesiology-and-critical-care/education-and-training/residency-program""}, ""rationale"": ""Single strong ACGME candidate with no close competing Penn/UPHS facility or track sibling."", ""reconciliation_status"": ""accepted_official_program_identifier"", ""source_city"": ""Philadelphia"", ""source_program_name"": ""University of Pennsylvania Health System Program"", ""source_program_specialty"": ""Anesthesiology""}"
official_program_identifier_hup-gme-fellowship-brain-injury-medicine-0f5a49f_1a2424b4ca0c6ca8,hup_gme_fellowship_brain-injury-medicine_0f5a49f6e439,acgme_program_code,3474134002,acgme_public_program_search,https://apps.acgme.org/ads/Public/Programs/Detail?orgCode=3474134002,accepted,0.91,program_identifier_candidate_hup-gme-fellowship-brain-injury-medicine-0f5a49f_7f7966c492f61a4e,2026-06-02T09:32:56.800704+00:00,"{""candidate_evidence"": {""acgme_data_item_key"": ""31649"", ""acgme_status_cell"": "",1,9,"", ""candidate_is_non_mutating"": true, ""official_program_url"": ""https://www3.pennmedicine.org/departments-and-centers/physical-medicine-and-rehabilitation/education-and-training/physical-medicine-and-rehabilitation-fellowship-programs/traumatic-brain-injury-fellowship""}, ""rationale"": ""Single strong ACGME candidate with no close competing Penn/UPHS facility or track sibling."", ""reconciliation_status"": ""accepted_official_program_identifier"", ""source_city"": ""Philadelphia"", ""source_program_name"": ""University of Pennsylvania Health System Program"", ""source_program_specialty"": ""Brain injury medicine (Physical medicine and rehabilitation)""}"
official_program_identifier_hup-gme-fellowship-cardiovascular-disease-191ae4_a74db5f83aafdb16,hup_gme_fellowship_cardiovascular-disease_191ae40b3626,acgme_program_code,1414121023,acgme_public_program_search,https://apps.acgme.org/ads/Public/Programs/Detail?orgCode=1414121023,accepted,0.91,program_identifier_candidate_hup-gme-fellowship-cardiovascular-disease-191ae4_5bcab3aa602303ca,2026-06-02T09:32:56.800704+00:00,"{""candidate_evidence"": {""acgme_data_item_key"": ""1204"", ""acgme_status_cell"": "",1,9,"", ""candidate_is_non_mutating"": true, ""official_program_url"": ""https://www3.pennmedicine.org/departments-and-centers/department-of-medicine/divisions/division-of-cardiovascular-medicine/education-and-training/fellowship-programs/cardiovascular-disease-fellowship""}, ""rationale"": ""Single strong ACGME candidate with no close competing Penn/UPHS facility or track sibling."", ""reconciliation_status"": ""accepted_official_program_identifier"", ""source_city"": ""Philadelphia"", ""source_program_name"": ""University of Pennsylvania Health System Program"", ""source_program_specialty"": ""Cardiovascular disease""}"
official_program_identifier_hup-gme-fellowship-clinical-cardiac-electrophysi_8b3ab3c8faa1b589,hup_gme_fellowship_clinical-cardiac-electrophysiology_34e302d05ade,acgme_program_code,1544122065,acgme_public_program_search,https://apps.acgme.org/ads/Public/Programs/Detail?orgCode=1544122065,accepted,0.91,program_identifier_candidate_hup-gme-fellowship-clinical-cardiac-electrophysi_31ff26d2eebd618c,2026-06-02T09:32:56.800704+00:00,"{""candidate_evidence"": {""acgme_data_item_key"": ""2554"", ""acgme_status_cell"": "",1,9,"", ""candidate_is_non_mutating"": true, ""official_program_url"": ""https://www3.pennmedicine.org/departments-and-centers/department-of-medicine/divisions/division-of-cardiovascular-medicine/education-and-training/fellowship-programs/electrophysiology-fellowship""}, ""rationale"": ""Single strong ACGME candidate with no close competing Penn/UPHS facility or track sibling."", ""reconciliation_status"": ""accepted_official_program_identifier"", ""source_city"": ""Philadelphia"", ""source_program_name"": ""University of Pennsylvania Health System Program"", ""source_program_specialty"": ""Clinical cardiac electrophysiology""}"
official_program_identifier_hup-gme-fellowship-colon-and-rectal-surgery-5967_f00d0cf475750fe7,hup_gme_fellowship_colon-and-rectal-surgery_5967769408ef,acgme_program_code,0604133054,acgme_public_program_search,https://apps.acgme.org/ads/Public/Programs/Detail?orgCode=0604133054,accepted,0.91,program_identifier_candidate_hup-gme-fellowship-colon-and-rectal-surgery-5967_13d5ddc9b441761f,2026-06-02T09:32:56.800704+00:00,"{""candidate_evidence"": {""acgme_data_item_key"": ""8804"", ""acgme_status_cell"": "",1,9,"", ""candidate_is_non_mutating"": true, ""official_program_url"": ""https://www3.pennmedicine.org/departments-and-centers/department-of-surgery/education-and-training/fellowships/colon-and-rectal-surgery-fellowship""}, ""rationale"": ""Single strong ACGME candidate with no close competing Penn/UPHS facility or track sibling."", ""reconciliation_status"": ""accepted_official_program_identifier"", ""source_city"": ""Philadelphia"", ""source_program_name"": ""University of Pennsylvania Health System Program"", ""source_program_specialty"": ""Colon and rectal surgery""}"
official_program_identifier_hup-gme-fellowship-complex-family-planning-27618_d86d7508d988cb59,hup_gme_fellowship_complex-family-planning_27618361aaf7,acgme_program_code,2364122002,acgme_public_program_search,https://apps.acgme.org/ads/Public/Programs/Detail?orgCode=2364122002,accepted,0.91,program_identifier_candidate_hup-gme-fellowship-complex-family-planning-27618_59d677f4c9af4a0d,2026-06-02T09:32:56.800704+00:00,"{""candidate_evidence"": {""acgme_data_item_key"": ""47656"", ""acgme_status_cell"": "",1,9,"", ""candidate_is_non_mutating"": true, ""official_program_url"": ""https://www3.pennmedicine.org/departments-and-centers/obstetrics-and-gynecology/education-and-training/fellowship-programs/family-planning""}, ""rationale"": ""Single strong ACGME candidate with no close competing Penn/UPHS facility or track sibling."", ""reconciliation_status"": ""accepted_official_program_identifier"", ""source_city"": ""Philadelphia"", ""source_program_name"": ""University of Pennsylvania Health System Program"", ""source_program_specialty"": ""Complex family planning""}"
official_program_identifier_hup-gme-fellowship-craniofacial-surgery-9144af8e_eb495c91588e08ff,hup_gme_fellowship_craniofacial-surgery_9144af8e134d,acgme_program_code,3614136009,acgme_public_program_search,https://apps.acgme.org/ads/Public/Programs/Detail?orgCode=3614136009,accepted,0.91,program_identifier_candidate_hup-gme-fellowship-craniofacial-surgery-9144af8e_e0478f5f80897df9,2026-06-02T09:32:56.800704+00:00,"{""candidate_evidence"": {""acgme_data_item_key"": ""10983"", ""acgme_status_cell"": "",1,9,"", ""candidate_is_non_mutating"": true, ""official_program_url"": ""https://www.pennmedicine.org/departments-and-centers/department-of-surgery/education-and-training/fellowships/craniofacial-surgery-fellowship""}, ""rationale"": ""Single strong ACGME candidate with no close competing Penn/UPHS facility or track sibling."", ""reconciliation_status"": ""accepted_official_program_identifier"", ""source_city"": ""Philadelphia"", ""source_program_name"": ""University of Pennsylvania Health System Program"", ""source_program_specialty"": ""Craniofacial surgery""}"
official_program_identifier_hup-gme-fellowship-critical-care-medicine-a51acc_50b13d88a0051294,hup_gme_fellowship_critical-care-medicine_a51acc5c27ee,acgme_program_code,0454121005,acgme_public_program_search,https://apps.acgme.org/ads/Public/Programs/Detail?orgCode=0454121005,accepted,0.91,program_identifier_candidate_hup-gme-fellowship-critical-care-medicine-a51acc_9bbe6f02a980dd7d,2026-06-02T09:32:56.800704+00:00,"{""candidate_evidence"": {""acgme_data_item_key"": ""711"", ""acgme_status_cell"": "",1,9,"", ""candidate_is_non_mutating"": true, ""official_program_url"": ""https://www3.pennmedicine.org/departments-and-centers/anesthesiology-and-critical-care/education-and-training/fellowship-programs""}, ""rationale"": ""Single strong ACGME candidate with no close competing Penn/UPHS facility or track sibling."", ""reconciliation_status"": ""accepted_official_program_identifier"", ""source_city"": ""Philadelphia"", ""source_program_name"": ""University of Pennsylvania Health System Program"", ""source_program_specialty"": ""Critical care medicine (Anesthesiology)""}"
official_program_identifier_hup-gme-fellowship-cytopathology-c3e8c941b7d0-ac_e199c6d685f20615,hup_gme_fellowship_cytopathology_c3e8c941b7d0,acgme_program_code,3074121004,acgme_public_program_search,https://apps.acgme.org/ads/Public/Programs/Detail?orgCode=3074121004,accepted,0.91,program_identifier_candidate_hup-gme-fellowship-cytopathology-c3e8c941b7d0-ac_f6385069d50c7d79,2026-06-02T09:32:56.800704+00:00,"{""candidate_evidence"": {""acgme_data_item_key"": ""4638"", ""acgme_status_cell"": "",1,9,"", ""candidate_is_non_mutating"": true, ""official_program_url"": ""https://pathology.med.upenn.edu/education/fellowships/programs/cytopathology""}, ""rationale"": ""Single strong ACGME candidate with no close competing Penn/UPHS facility or track sibling."", ""reconciliation_status"": ""accepted_official_program_identifier"", ""source_city"": ""Philadelphia"", ""source_program_name"": ""University of Pennsylvania Health System Program"", ""source_program_specialty"": ""Cytopathology""}"
official_program_identifier_hup-gme-residency-dermatology-cabc25fcd11c-acgme_86b5a7f657bf7062,hup_gme_residency_dermatology_cabc25fcd11c,acgme_program_code,0804121080,acgme_public_program_search,https://apps.acgme.org/ads/Public/Programs/Detail?orgCode=0804121080,accepted,0.91,program_identifier_candidate_hup-gme-residency-dermatology-cabc25fcd11c-acgme_fe2073f2f287b992,2026-06-02T09:32:56.800704+00:00,"{""candidate_evidence"": {""acgme_data_item_key"": ""627"", ""acgme_status_cell"": "",1,9,"", ""candidate_is_non_mutating"": true, ""official_program_url"": """"}, ""rationale"": ""Single strong ACGME candidate with no close competing Penn/UPHS facility or track sibling."", ""reconciliation_status"": ""accepted_official_program_identifier"", ""source_city"": ""Philadelphia"", ""source_program_name"": ""University of Pennsylvania Health System Program"", ""source_program_specialty"": ""Dermatology""}"
official_program_identifier_hup-gme-fellowship-dermatopathology-0b133cf636fb_76da3d87d776db52,hup_gme_fellowship_dermatopathology_0b133cf636fb,acgme_program_code,1004111012,acgme_public_program_search,https://apps.acgme.org/ads/Public/Programs/Detail?orgCode=1004111012,accepted,0.91,program_identifier_candidate_hup-gme-fellowship-dermatopathology-0b133cf636fb_6d223a2cc6fb073c,2026-06-02T09:32:56.800704+00:00,"{""candidate_evidence"": {""acgme_data_item_key"": ""810"", ""acgme_status_cell"": "",1,9,"", ""candidate_is_non_mutating"": true, ""official_program_url"": ""https://dermatology.upenn.edu/education/fellowship-training/dermatopathology/""}, ""rationale"": ""Single strong ACGME candidate with no close competing Penn/UPHS facility or track sibling."", ""reconciliation_status"": ""accepted_official_program_identifier"", ""source_city"": ""Philadelphia"", ""source_program_name"": ""University of Pennsylvania Health System Program"", ""source_program_specialty"": ""Dermatopathology (multidisciplinary)""}"
official_program_identifier_hup-gme-residency-emergency-medicine-844b6b007cf_12ebc53e828d2f82,hup_gme_residency_emergency-medicine_844b6b007cf3,acgme_program_code,1104121148,acgme_public_program_search,https://apps.acgme.org/ads/Public/Programs/Detail?orgCode=1104121148,accepted,0.91,program_identifier_candidate_hup-gme-residency-emergency-medicine-844b6b007cf_acd9b36673a5ea20,2026-06-02T09:32:56.800704+00:00,"{""candidate_evidence"": {""acgme_data_item_key"": ""745"", ""acgme_status_cell"": "",1,9,"", ""candidate_is_non_mutating"": true, ""official_program_url"": ""https://www3.pennmedicine.org/departments-and-centers/emergency-medicine""}, ""rationale"": ""Single strong ACGME candidate with no close competing Penn/UPHS facility or track sibling."", ""reconciliation_status"": ""accepted_official_program_identifier"", ""source_city"": ""Philadelphia"", ""source_program_name"": ""University of Pennsylvania Health System Program"", ""source_program_specialty"": ""Emergency medicine""}"
official_program_identifier_hup-gme-fellowship-endocrinology-67900e0ae4ef-ac_cb37ee026f8b8106,hup_gme_fellowship_endocrinology_67900e0ae4ef,acgme_program_code,1434121021,acgme_public_program_search,https://apps.acgme.org/ads/Public/Programs/Detail?orgCode=1434121021,accepted,0.89,program_identifier_candidate_hup-gme-fellowship-endocrinology-67900e0ae4ef-ac_8f90cf66d8e42cb5,2026-06-02T09:32:56.800704+00:00,"{""candidate_evidence"": {""acgme_data_item_key"": ""1776"", ""acgme_status_cell"": "",1,9,"", ""candidate_is_non_mutating"": true, ""official_program_url"": ""https://www3.pennmedicine.org/departments-and-centers/department-of-medicine/divisions/division-of-endocrinology-diabetes-and-metabolism/education-and-training/endcrinology-fellowship-programs""}, ""rationale"": ""Single strong ACGME candidate with no close competing Penn/UPHS facility or track sibling."", ""reconciliation_status"": ""accepted_official_program_identifier"", ""source_city"": ""Philadelphia"", ""source_program_name"": ""University of Pennsylvania Health System Program"", ""source_program_specialty"": ""Endocrinology, diabetes, and metabolism""}"
official_program_identifier_hup-gme-fellowship-epilepsy-27d63d79e62b-acgme-p_7ab93d27537620a8,hup_gme_fellowship_epilepsy_27d63d79e62b,acgme_program_code,1844118003,acgme_public_program_search,https://apps.acgme.org/ads/Public/Programs/Detail?orgCode=1844118003,accepted,0.85,program_identifier_candidate_hup-gme-fellowship-epilepsy-27d63d79e62b-acgme-1_0753d3c9a083a5d9,2026-06-02T09:32:56.800704+00:00,"{""candidate_evidence"": {""acgme_data_item_key"": ""27683"", ""acgme_status_cell"": "",1,9,"", ""candidate_is_non_mutating"": true, ""official_program_url"": ""https://neurofellowships.uphs.upenn.edu/p/neurophysiologyepilepsy.html""}, ""rationale"": ""Single strong ACGME candidate with no close competing Penn/UPHS facility or track sibling."", ""reconciliation_status"": ""accepted_official_program_identifier"", ""source_city"": ""Philadephia"", ""source_program_name"": ""University of Pennsylvania Health System Program"", ""source_program_specialty"": ""Epilepsy""}"
official_program_identifier_hup-gme-fellowship-forensic-psychiatry-961ea9b84_946f24d1b7025931,hup_gme_fellowship_forensic-psychiatry_961ea9b84b8c,acgme_program_code,4064112059,acgme_public_program_search,https://apps.acgme.org/ads/Public/Programs/Detail?orgCode=4064112059,accepted,0.91,program_identifier_candidate_hup-gme-fellowship-forensic-psychiatry-961ea9b84_38798802797b1dce,2026-06-02T09:32:56.800704+00:00,"{""candidate_evidence"": {""acgme_data_item_key"": ""9999"", ""acgme_status_cell"": "",1,9,"", ""candidate_is_non_mutating"": true, ""official_program_url"": ""https://www.med.upenn.edu/psychiatry/formalfellowships.html#forensic""}, ""rationale"": ""Single strong ACGME candidate with no close competing Penn/UPHS facility or track sibling."", ""reconciliation_status"": ""accepted_official_program_identifier"", ""source_city"": ""Philadelphia"", ""source_program_name"": ""University of Pennsylvania Health System Program"", ""source_program_specialty"": ""Forensic psychiatry""}"
official_program_identifier_hup-gme-fellowship-gastroenterology-bcaac1ff0001_06c86e9ae8b27395,hup_gme_fellowship_gastroenterology_bcaac1ff0001,acgme_program_code,1444121021,acgme_public_program_search,https://apps.acgme.org/ads/Public/Programs/Detail?orgCode=1444121021,accepted,0.91,program_identifier_candidate_hup-gme-fellowship-gastroenterology-bcaac1ff0001_79f8b31211900463,2026-06-02T09:32:56.800704+00:00,"{""candidate_evidence"": {""acgme_data_item_key"": ""2259"", ""acgme_status_cell"": "",1,9,"", ""candidate_is_non_mutating"": true, ""official_program_url"": ""https://www3.pennmedicine.org/departments-and-centers/department-of-medicine/divisions/gastroenterology/education-and-training/fellowship-programs/gastroenterology-fellowship""}, ""rationale"": ""Single strong ACGME candidate with no close competing Penn/UPHS facility or track sibling."", ""reconciliation_status"": ""accepted_official_program_identifier"", ""source_city"": ""Philadelphia"", ""source_program_name"": ""University of Pennsylvania Health System Program"", ""source_program_specialty"": ""Gastroenterology""}"
official_program_identifier_hup-gme-fellowship-geriatric-medicine-af755683b7_f1bf56634198cd63,hup_gme_fellowship_geriatric-medicine_af755683b7ed,acgme_program_code,1514121060,acgme_public_program_search,https://apps.acgme.org/ads/Public/Programs/Detail?orgCode=1514121060,accepted,0.91,program_identifier_candidate_hup-gme-fellowship-geriatric-medicine-af755683b7_58410e63dc726fd0,2026-06-02T09:32:56.800704+00:00,"{""candidate_evidence"": {""acgme_data_item_key"": ""2707"", ""acgme_status_cell"": "",1,9,"", ""candidate_is_non_mutating"": true, ""official_program_url"": ""https://www3.pennmedicine.org/departments-and-centers/department-of-medicine/divisions/geriatrics/education-and-training/fellowship-program""}, ""rationale"": ""Single strong ACGME candidate with no close competing Penn/UPHS facility or track sibling."", ""reconciliation_status"": ""accepted_official_program_identifier"", ""source_city"": ""Philadelphia"", ""source_program_name"": ""University of Pennsylvania Health System Program"", ""source_program_specialty"": ""Geriatric medicine (Internal medicine)""}"
official_program_identifier_hup-gme-fellowship-geriatric-psychiatry-03060138_51e4ed9acd7ac3d4,hup_gme_fellowship_geriatric-psychiatry_03060138c863,acgme_program_code,4074131033,acgme_public_program_search,https://apps.acgme.org/ads/Public/Programs/Detail?orgCode=4074131033,accepted,0.91,program_identifier_candidate_hup-gme-fellowship-geriatric-psychiatry-03060138_f0fc9d6a96694d6e,2026-06-02T09:32:56.800704+00:00,"{""candidate_evidence"": {""acgme_data_item_key"": ""6027"", ""acgme_status_cell"": "",1,9,"", ""candidate_is_non_mutating"": true, ""official_program_url"": ""https://www.med.upenn.edu/psychiatry/formalfellowships.html#geriatric""}, ""rationale"": ""Single strong ACGME candidate with no close competing Penn/UPHS facility or track sibling."", ""reconciliation_status"": ""accepted_official_program_identifier"", ""source_city"": ""Philadelphia"", ""source_program_name"": ""University of Pennsylvania Health System Program"", ""source_program_specialty"": ""Geriatric psychiatry""}"
official_program_identifier_hup-gme-fellowship-gynecologic-oncology-59b3af56_74f111110e5d9d34,hup_gme_fellowship_gynecologic-oncology_59b3af566d85,acgme_program_code,2254122005,acgme_public_program_search,https://apps.acgme.org/ads/Public/Programs/Detail?orgCode=2254122005,accepted,0.91,program_identifier_candidate_hup-gme-fellowship-gynecologic-oncology-59b3af56_72dd5050dbca4fcf,2026-06-02T09:32:56.800704+00:00,"{""candidate_evidence"": {""acgme_data_item_key"": ""31860"", ""acgme_status_cell"": "",1,9,"", ""candidate_is_non_mutating"": true, ""official_program_url"": ""https://www3.pennmedicine.org/departments-and-centers/obstetrics-and-gynecology/education-and-training/fellowship-programs/gynecologic-oncology""}, ""rationale"": ""Single strong ACGME candidate with no close competing Penn/UPHS facility or track sibling."", ""reconciliation_status"": ""accepted_official_program_identifier"", ""source_city"": ""Philadelphia"", ""source_program_name"": ""University of Pennsylvania Health System Program"", ""source_program_specialty"": ""Gynecologic oncology""}"
official_program_identifier_hup-gme-fellowship-hand-surgery-5faaba3977b3-acg_13051e977eda5636,hup_gme_fellowship_hand-surgery_5faaba3977b3,acgme_program_code,2634121004,acgme_public_program_search,https://apps.acgme.org/ads/Public/Programs/Detail?orgCode=2634121004,accepted,0.91,program_identifier_candidate_hup-gme-fellowship-hand-surgery-5faaba3977b3-acg_51d37bcff34f66e6,2026-06-02T09:32:56.800704+00:00,"{""candidate_evidence"": {""acgme_data_item_key"": ""3972"", ""acgme_status_cell"": "",1,9,"", ""candidate_is_non_mutating"": true, ""official_program_url"": ""https://www3.pennmedicine.org/departments-and-centers/orthopaedic-surgery/education-and-training/fellowships/hand-surgery""}, ""rationale"": ""Single strong ACGME candidate with no close competing Penn/UPHS facility or track sibling."", ""reconciliation_status"": ""accepted_official_program_identifier"", ""source_city"": ""Philadelphia"", ""source_program_name"": ""University of Pennsylvania Health System Program"", ""source_program_specialty"": ""Hand surgery (Orthopaedic surgery)""}"
official_program_identifier_hup-gme-fellowship-hematology-and-oncology-714bb_4c40e69dd19b934d,hup_gme_fellowship_hematology-and-oncology_714bbd032771,acgme_program_code,1554121081,acgme_public_program_search,https://apps.acgme.org/ads/Public/Programs/Detail?orgCode=1554121081,accepted,0.89,program_identifier_candidate_hup-gme-fellowship-hematology-and-oncology-714bb_2d1d1613eadbe15f,2026-06-02T09:32:56.800704+00:00,"{""candidate_evidence"": {""acgme_data_item_key"": ""2791"", ""acgme_status_cell"": "",1,9,"", ""candidate_is_non_mutating"": true, ""official_program_url"": ""https://www3.pennmedicine.org/departments-and-centers/department-of-medicine/divisions/hematology-and-oncology/education-and-training/hematology-oncology-fellowship""}, ""rationale"": ""Single strong ACGME candidate with no close competing Penn/UPHS facility or track sibling."", ""reconciliation_status"": ""accepted_official_program_identifier"", ""source_city"": ""Philadelphia"", ""source_program_name"": ""University of Pennsylvania Health System Program"", ""source_program_specialty"": ""Hematology and medical oncology""}"
official_program_identifier_hup-gme-fellowship-hematopathology-07d280563504-_609770715a70119f,hup_gme_fellowship_hematopathology_07d280563504,acgme_program_code,3114121069,acgme_public_program_search,https://apps.acgme.org/ads/Public/Programs/Detail?orgCode=3114121069,accepted,0.91,program_identifier_candidate_hup-gme-fellowship-hematopathology-07d280563504-_734a8184be06f03a,2026-06-02T09:32:56.800704+00:00,"{""candidate_evidence"": {""acgme_data_item_key"": ""4521"", ""acgme_status_cell"": "",1,9,"", ""candidate_is_non_mutating"": true, ""official_program_url"": ""https://pathology.med.upenn.edu/education/fellowships/programs/clinical-chemistry-fellowship""}, ""rationale"": ""Single strong ACGME candidate with no close competing Penn/UPHS facility or track sibling."", ""reconciliation_status"": ""accepted_official_program_identifier"", ""source_city"": ""Philadelphia"", ""source_program_name"": ""University of Pennsylvania Health System Program"", ""source_program_specialty"": ""Hematopathology""}"
official_program_identifier_hup-gme-fellowship-hospice-and-palliative-medici_03c4cd82be43320d,hup_gme_fellowship_hospice-and-palliative-medicine_3b63fff1c082,acgme_program_code,5404114048,acgme_public_program_search,https://apps.acgme.org/ads/Public/Programs/Detail?orgCode=5404114048,accepted,0.91,program_identifier_candidate_hup-gme-fellowship-hospice-and-palliative-medici_8876ab552731f11f,2026-06-02T09:32:56.800704+00:00,"{""candidate_evidence"": {""acgme_data_item_key"": ""9952"", ""acgme_status_cell"": "",1,9,"", ""candidate_is_non_mutating"": true, ""official_program_url"": ""https://www3.pennmedicine.org/departments-and-centers/department-of-medicine/divisions/program-in-palliative-care/education-and-training/fellowship-program-in-hospice-and-palliative-medicine""}, ""rationale"": ""Single strong ACGME candidate with no close competing Penn/UPHS facility or track sibling."", ""reconciliation_status"": ""accepted_official_program_identifier"", ""source_city"": ""Philadelphia"", ""source_program_name"": ""University of Pennsylvania Health System Program"", ""source_program_specialty"": ""Hospice and palliative medicine (multidisciplinary)""}"
official_program_identifier_hup-gme-fellowship-infectious-disease-0dac4aa18b_5305ec4985e0e4b4,hup_gme_fellowship_infectious-disease_0dac4aa18b6b,acgme_program_code,1464121022,acgme_public_program_search,https://apps.acgme.org/ads/Public/Programs/Detail?orgCode=1464121022,accepted,0.91,program_identifier_candidate_hup-gme-fellowship-infectious-disease-0dac4aa18b_056c2c0bcf38e183,2026-06-02T09:32:56.800704+00:00,"{""candidate_evidence"": {""acgme_data_item_key"": ""2348"", ""acgme_status_cell"": "",1,9,"", ""candidate_is_non_mutating"": true, ""official_program_url"": ""https://www3.pennmedicine.org/departments-and-centers/department-of-medicine/divisions/infectious-diseases/education-and-training/fellowship-program""}, ""rationale"": ""Single strong ACGME candidate with no close competing Penn/UPHS facility or track sibling."", ""reconciliation_status"": ""accepted_official_program_identifier"", ""source_city"": ""Philadelphia"", ""source_program_name"": ""University of Pennsylvania Health System Program"", ""source_program_specialty"": ""Infectious disease""}"
official_program_identifier_hup-gme-residency-internal-medicine-pediatrics-f_cae13dda3ec25130,hup_gme_residency_internal-medicine-pediatrics_f13d195cb767,acgme_program_code,7004114129,acgme_public_program_search,https://apps.acgme.org/ads/Public/Programs/Detail?orgCode=7004114129,accepted,0.91,program_identifier_candidate_hup-gme-residency-internal-medicine-pediatrics-f_7cbb9abc6d9cb6f7,2026-06-02T09:32:56.800704+00:00,"{""candidate_evidence"": {""acgme_data_item_key"": ""8431"", ""acgme_status_cell"": "",1,9,"", ""candidate_is_non_mutating"": true, ""official_program_url"": ""https://www3.pennmedicine.org/departments-and-centers/department-of-medicine/education-and-training/internal-medicine-residency/our-program/combined-internal-medicine-pediatrics-program""}, ""rationale"": ""Single strong ACGME candidate with no close competing Penn/UPHS facility or track sibling."", ""reconciliation_status"": ""accepted_official_program_identifier"", ""source_city"": ""Philadelphia"", ""source_program_name"": ""University of Pennsylvania Health System Program"", ""source_program_specialty"": ""Internal medicine/Pediatrics""}"
official_program_identifier_hup-gme-fellowship-interventional-cardiology-401_9e3e58ff6b54c98b,hup_gme_fellowship_interventional-cardiology_401bf7cf2852,acgme_program_code,1524112057,acgme_public_program_search,https://apps.acgme.org/ads/Public/Programs/Detail?orgCode=1524112057,accepted,0.91,program_identifier_candidate_hup-gme-fellowship-interventional-cardiology-401_cff396b3b5e8f3e7,2026-06-02T09:32:56.800704+00:00,"{""candidate_evidence"": {""acgme_data_item_key"": ""2271"", ""acgme_status_cell"": "",1,9,"", ""candidate_is_non_mutating"": true, ""official_program_url"": ""https://www3.pennmedicine.org/departments-and-centers/department-of-medicine/divisions/division-of-cardiovascular-medicine/education-and-training/fellowship-programs/interventional-fellowship""}, ""rationale"": ""Single strong ACGME candidate with no close competing Penn/UPHS facility or track sibling."", ""reconciliation_status"": ""accepted_official_program_identifier"", ""source_city"": ""Philadelphia"", ""source_program_name"": ""University of Pennsylvania Health System Program"", ""source_program_specialty"": ""Interventional cardiology""}"
official_program_identifier_hup-gme-fellowship-maternal-fetal-medicine-fa13c_de0f50984b4bc708,hup_gme_fellowship_maternal-fetal-medicine_fa13cced70c8,acgme_program_code,2304122004,acgme_public_program_search,https://apps.acgme.org/ads/Public/Programs/Detail?orgCode=2304122004,accepted,0.91,program_identifier_candidate_hup-gme-fellowship-maternal-fetal-medicine-fa13c_d91bb08d7b9568f8,2026-06-02T09:32:56.800704+00:00,"{""candidate_evidence"": {""acgme_data_item_key"": ""32684"", ""acgme_status_cell"": "",1,9,"", ""candidate_is_non_mutating"": true, ""official_program_url"": ""https://www3.pennmedicine.org/departments-and-centers/obstetrics-and-gynecology/education-and-training/fellowship-programs/maternal-fetal-medicine""}, ""rationale"": ""Single strong ACGME candidate with no close competing Penn/UPHS facility or track sibling."", ""reconciliation_status"": ""accepted_official_program_identifier"", ""source_city"": ""Philadelphia"", ""source_program_name"": ""University of Pennsylvania Health System Program"", ""source_program_specialty"": ""Maternal-fetal medicine""}"
official_program_identifier_hup-gme-fellowship-micrographic-surgery-and-derm_4f013c39ddf580af,hup_gme_fellowship_micrographic-surgery-and-dermatologic-oncology_c2b7a901e48d,acgme_program_code,0814121048,acgme_public_program_search,https://apps.acgme.org/ads/Public/Programs/Detail?orgCode=0814121048,accepted,0.91,program_identifier_candidate_hup-gme-fellowship-micrographic-surgery-and-derm_e8deb28bd8e4a5da,2026-06-02T09:32:56.800704+00:00,"{""candidate_evidence"": {""acgme_data_item_key"": ""10564"", ""acgme_status_cell"": "",1,9,"", ""candidate_is_non_mutating"": true, ""official_program_url"": ""https://dermatology.upenn.edu/education/fellowship-training/micrographic-oncology-fellowship/""}, ""rationale"": ""Single strong ACGME candidate with no close competing Penn/UPHS facility or track sibling."", ""reconciliation_status"": ""accepted_official_program_identifier"", ""source_city"": ""Philadelphia"", ""source_program_name"": ""University of Pennsylvania Health System Program"", ""source_program_specialty"": ""Micrographic surgery and dermatologic oncology""}"
official_program_identifier_hup-gme-fellowship-molecular-genetic-pathology-d_3e609fff3036fc52,hup_gme_fellowship_molecular-genetic-pathology_d07dc958c36e,acgme_program_code,1904121001,acgme_public_program_search,https://apps.acgme.org/ads/Public/Programs/Detail?orgCode=1904121001,accepted,0.91,program_identifier_candidate_hup-gme-fellowship-molecular-genetic-pathology-d_52a5124e04385cb4,2026-06-02T09:32:56.800704+00:00,"{""candidate_evidence"": {""acgme_data_item_key"": ""8361"", ""acgme_status_cell"": "",1,9,"", ""candidate_is_non_mutating"": true, ""official_program_url"": ""https://pathology.med.upenn.edu/education/fellowships/programs/molecular-genetic-pathology-fellowship""}, ""rationale"": ""Single strong ACGME candidate with no close competing Penn/UPHS facility or track sibling."", ""reconciliation_status"": ""accepted_official_program_identifier"", ""source_city"": ""Philadelphia"", ""source_program_name"": ""University of Pennsylvania Health System Program"", ""source_program_specialty"": ""Molecular genetic pathology (multidisciplinary)""}"
official_program_identifier_hup-gme-fellowship-nephrology-265b65bb97a4-acgme_4d1672318158090b,hup_gme_fellowship_nephrology_265b65bb97a4,acgme_program_code,1484121018,acgme_public_program_search,https://apps.acgme.org/ads/Public/Programs/Detail?orgCode=1484121018,accepted,0.91,program_identifier_candidate_hup-gme-fellowship-nephrology-265b65bb97a4-acgme_888154799a3aad1c,2026-06-02T09:32:56.800704+00:00,"{""candidate_evidence"": {""acgme_data_item_key"": ""1929"", ""acgme_status_cell"": "",1,9,"", ""candidate_is_non_mutating"": true, ""official_program_url"": ""https://www3.pennmedicine.org/departments-and-centers/department-of-medicine/divisions/renal-electrolyte-and-hypertension-division/education-and-training/fellowship-programs""}, ""rationale"": ""Single strong ACGME candidate with no close competing Penn/UPHS facility or track sibling."", ""reconciliation_status"": ""accepted_official_program_identifier"", ""source_city"": ""Philadelphia"", ""source_program_name"": ""University of Pennsylvania Health System Program"", ""source_program_specialty"": ""Nephrology""}"
official_program_identifier_hup-gme-fellowship-neurocritical-care-19de282b31_cb7c05727d58bcce,hup_gme_fellowship_neurocritical-care_19de282b318f,acgme_program_code,5504118004,acgme_public_program_search,https://apps.acgme.org/ads/Public/Programs/Detail?orgCode=5504118004,accepted,0.91,program_identifier_candidate_hup-gme-fellowship-neurocritical-care-19de282b31_d8602055279d482c,2026-06-02T09:32:56.800704+00:00,"{""candidate_evidence"": {""acgme_data_item_key"": ""55085"", ""acgme_status_cell"": "",1,9,"", ""candidate_is_non_mutating"": true, ""official_program_url"": ""https://neurofellowships.uphs.upenn.edu/p/neurocritical-care_17.html""}, ""rationale"": ""Single strong ACGME candidate with no close competing Penn/UPHS facility or track sibling."", ""reconciliation_status"": ""accepted_official_program_identifier"", ""source_city"": ""Philadelphia"", ""source_program_name"": ""University of Pennsylvania Health System Program"", ""source_program_specialty"": ""Neurocritical care (multidisciplinary)""}"
official_program_identifier_hup-gme-residency-neurological-surgery-3ea755072_8f201b48d1cd209e,hup_gme_residency_neurological-surgery_3ea755072bf0,acgme_program_code,1604121075,acgme_public_program_search,https://apps.acgme.org/ads/Public/Programs/Detail?orgCode=1604121075,accepted,0.91,program_identifier_candidate_hup-gme-residency-neurological-surgery-3ea755072_6ff94c83ebab59b1,2026-06-02T09:32:56.800704+00:00,"{""candidate_evidence"": {""acgme_data_item_key"": ""3055"", ""acgme_status_cell"": "",1,9,"", ""candidate_is_non_mutating"": true, ""official_program_url"": ""https://www3.pennmedicine.org/departments-and-centers/neurosurgery/education-and-training/residency""}, ""rationale"": ""Single strong ACGME candidate with no close competing Penn/UPHS facility or track sibling."", ""reconciliation_status"": ""accepted_official_program_identifier"", ""source_city"": ""Philadelphia"", ""source_program_name"": ""University of Pennsylvania Health System Program"", ""source_program_specialty"": ""Neurological surgery""}"
official_program_identifier_hup-gme-residency-neurology-7c1f5f7cae7a-acgme-p_f702440f473a2d2f,hup_gme_residency_neurology_7c1f5f7cae7a,acgme_program_code,1804121102,acgme_public_program_search,https://apps.acgme.org/ads/Public/Programs/Detail?orgCode=1804121102,accepted,0.91,program_identifier_candidate_hup-gme-residency-neurology-7c1f5f7cae7a-acgme-1_1c1201230bbfd42a,2026-06-02T09:32:56.800704+00:00,"{""candidate_evidence"": {""acgme_data_item_key"": ""3433"", ""acgme_status_cell"": "",1,9,"", ""candidate_is_non_mutating"": true, ""official_program_url"": ""https://neuroresidency.uphs.upenn.edu/""}, ""rationale"": ""Single strong ACGME candidate with no close competing Penn/UPHS facility or track sibling."", ""reconciliation_status"": ""accepted_official_program_identifier"", ""source_city"": ""Philadelphia"", ""source_program_name"": ""University of Pennsylvania Health System Program"", ""source_program_specialty"": ""Neurology""}"
official_program_identifier_hup-gme-fellowship-neuromuscular-medicine-c7eb4b_c6abb7e2b74cac4f,hup_gme_fellowship_neuromuscular-medicine_c7eb4bea296a,acgme_program_code,1834118010,acgme_public_program_search,https://apps.acgme.org/ads/Public/Programs/Detail?orgCode=1834118010,accepted,0.91,program_identifier_candidate_hup-gme-fellowship-neuromuscular-medicine-c7eb4b_49937004f0911b5b,2026-06-02T09:32:56.800704+00:00,"{""candidate_evidence"": {""acgme_data_item_key"": ""25948"", ""acgme_status_cell"": "",1,9,"", ""candidate_is_non_mutating"": true, ""official_program_url"": ""https://neurofellowships.uphs.upenn.edu/p/neuromuscular.html""}, ""rationale"": ""Single strong ACGME candidate with no close competing Penn/UPHS facility or track sibling."", ""reconciliation_status"": ""accepted_official_program_identifier"", ""source_city"": ""Philadelphia"", ""source_program_name"": ""University of Pennsylvania Health System Program"", ""source_program_specialty"": ""Neuromuscular medicine (Neurology)""}"
official_program_identifier_hup-gme-fellowship-neuropathology-91745daad371-a_0066872229ab07a0,hup_gme_fellowship_neuropathology_91745daad371,acgme_program_code,3154121041,acgme_public_program_search,https://apps.acgme.org/ads/Public/Programs/Detail?orgCode=3154121041,accepted,0.91,program_identifier_candidate_hup-gme-fellowship-neuropathology-91745daad371-a_158a8a7d2ecf7ea0,2026-06-02T09:32:56.800704+00:00,"{""candidate_evidence"": {""acgme_data_item_key"": ""4717"", ""acgme_status_cell"": "",1,9,"", ""candidate_is_non_mutating"": true, ""official_program_url"": ""https://pathology.med.upenn.edu/education/fellowships/programs/neuropathology-fellowship""}, ""rationale"": ""Single strong ACGME candidate with no close competing Penn/UPHS facility or track sibling."", ""reconciliation_status"": ""accepted_official_program_identifier"", ""source_city"": ""Philadelphia"", ""source_program_name"": ""University of Pennsylvania Health System Program"", ""source_program_specialty"": ""Neuropathology""}"
official_program_identifier_hup-gme-fellowship-neuroradiology-a03354b18d0c-a_a84686923460d24c,hup_gme_fellowship_neuroradiology_a03354b18d0c,acgme_program_code,4234121037,acgme_public_program_search,https://apps.acgme.org/ads/Public/Programs/Detail?orgCode=4234121037,accepted,0.91,program_identifier_candidate_hup-gme-fellowship-neuroradiology-a03354b18d0c-a_6b06da37f0de2fe6,2026-06-02T09:32:56.800704+00:00,"{""candidate_evidence"": {""acgme_data_item_key"": ""6592"", ""acgme_status_cell"": "",1,9,"", ""candidate_is_non_mutating"": true, ""official_program_url"": ""https://www3.pennmedicine.org/departments-and-centers/department-of-radiology/education-and-training/fellowships/fellowship-programs/accredited-fellowships/neuroradiology-fellowship""}, ""rationale"": ""Single strong ACGME candidate with no close competing Penn/UPHS facility or track sibling."", ""reconciliation_status"": ""accepted_official_program_identifier"", ""source_city"": ""Philadelphia"", ""source_program_name"": ""University of Pennsylvania Health System Program"", ""source_program_specialty"": ""Neuroradiology""}"
official_program_identifier_hup-gme-fellowship-neurotology-f89fea3ba5fc-acgm_1832dfe64426a92b,hup_gme_fellowship_neurotology_f89fea3ba5fc,acgme_program_code,2864128018,acgme_public_program_search,https://apps.acgme.org/ads/Public/Programs/Detail?orgCode=2864128018,accepted,0.91,program_identifier_candidate_hup-gme-fellowship-neurotology-f89fea3ba5fc-acgm_c1d271d548c35861,2026-06-02T09:32:56.800704+00:00,"{""candidate_evidence"": {""acgme_data_item_key"": ""27698"", ""acgme_status_cell"": "",1,9,"", ""candidate_is_non_mutating"": true, ""official_program_url"": ""https://oto.med.upenn.edu/fellowship-programs/neurotology/""}, ""rationale"": ""Single strong ACGME candidate with no close competing Penn/UPHS facility or track sibling."", ""reconciliation_status"": ""accepted_official_program_identifier"", ""source_city"": ""Philadelphia"", ""source_program_name"": ""University of Pennsylvania Health System Program"", ""source_program_specialty"": ""Neurotology""}"
official_program_identifier_hup-gme-fellowship-nuclear-radiology-3a32f8a1774_7108858409f278b8,hup_gme_fellowship_nuclear-radiology_3a32f8a1774f,acgme_program_code,4254121043,acgme_public_program_search,https://apps.acgme.org/ads/Public/Programs/Detail?orgCode=4254121043,accepted,0.91,program_identifier_candidate_hup-gme-fellowship-nuclear-radiology-3a32f8a1774_e7d8e1b70d9d7103,2026-06-02T09:32:56.800704+00:00,"{""candidate_evidence"": {""acgme_data_item_key"": ""6881"", ""acgme_status_cell"": "",1,9,"", ""candidate_is_non_mutating"": true, ""official_program_url"": ""https://www3.pennmedicine.org/departments-and-centers/department-of-radiology/education-and-training/fellowships/fellowship-programs/accredited-fellowships/nuclear-radiology-fellowship""}, ""rationale"": ""Single strong ACGME candidate with no close competing Penn/UPHS facility or track sibling."", ""reconciliation_status"": ""accepted_official_program_identifier"", ""source_city"": ""Philadelphia"", ""source_program_name"": ""University of Pennsylvania Health System Program"", ""source_program_specialty"": ""Nuclear radiology""}"
official_program_identifier_hup-gme-residency-occupational-and-environmental_10e37a2241813e80,hup_gme_residency_occupational-and-environmental-medicine-preventa_810241037885,acgme_program_code,3824177124,acgme_public_program_search,https://apps.acgme.org/ads/Public/Programs/Detail?orgCode=3824177124,accepted,0.91,program_identifier_candidate_hup-gme-residency-occupational-and-environmental_fc3e71a64c5d42c1,2026-06-02T09:32:56.800704+00:00,"{""candidate_evidence"": {""acgme_data_item_key"": ""7645"", ""acgme_status_cell"": "",1,9,"", ""candidate_is_non_mutating"": true, ""official_program_url"": ""https://www.med.upenn.edu/oem/residency.shtml""}, ""rationale"": ""Single strong ACGME candidate with no close competing Penn/UPHS facility or track sibling."", ""reconciliation_status"": ""accepted_official_program_identifier"", ""source_city"": ""Philadelphia"", ""source_program_name"": ""University of Pennsylvania Health System Program"", ""source_program_specialty"": ""Occupational and environmental medicine""}"
official_program_identifier_hup-gme-residency-ophthalmology-35ee6848ce23-acg_df5588aff47682b6,hup_gme_residency_ophthalmology_35ee6848ce23,acgme_program_code,2404121136,acgme_public_program_search,https://apps.acgme.org/ads/Public/Programs/Detail?orgCode=2404121136,accepted,0.81,program_identifier_candidate_hup-gme-residency-ophthalmology-35ee6848ce23-acg_df3c410b9a1293e4,2026-06-02T09:32:56.800704+00:00,"{""candidate_evidence"": {""acgme_data_item_key"": ""3739"", ""acgme_status_cell"": "",1,9,"", ""candidate_is_non_mutating"": true, ""official_program_url"": ""https://www3.pennmedicine.org/departments-and-centers/ophthalmology/education-and-training/residency-training""}, ""rationale"": ""Single strong ACGME candidate with no close competing Penn/UPHS facility or track sibling."", ""reconciliation_status"": ""accepted_official_program_identifier"", ""source_city"": ""Philadelphia"", ""source_program_name"": ""University of Pennsylvania Health System/Scheie Eye Institute Program"", ""source_program_specialty"": ""Ophthalmology""}"
official_program_identifier_hup-gme-residency-orthopedic-surgery-330c2c3b2f0_ba62409354be5634,hup_gme_residency_orthopedic-surgery_330c2c3b2f0f,acgme_program_code,2604121023,acgme_public_program_search,https://apps.acgme.org/ads/Public/Programs/Detail?orgCode=2604121023,accepted,0.91,program_identifier_candidate_hup-gme-residency-orthopedic-surgery-330c2c3b2f0_381a14224aa3798f,2026-06-02T09:32:56.800704+00:00,"{""candidate_evidence"": {""acgme_data_item_key"": ""4228"", ""acgme_status_cell"": "",1,9,"", ""candidate_is_non_mutating"": true, ""official_program_url"": ""https://www3.pennmedicine.org/departments-and-centers/orthopaedic-surgery/education-and-training/residency""}, ""rationale"": ""Single strong ACGME candidate with no close competing Penn/UPHS facility or track sibling."", ""reconciliation_status"": ""accepted_official_program_identifier"", ""source_city"": ""Philadelphia"", ""source_program_name"": ""University of Pennsylvania Health System Program"", ""source_program_specialty"": ""Orthopaedic surgery""}"
official_program_identifier_hup-gme-residency-otorhinolaryngology-4f0716f08f_a9c66703447a44ae,hup_gme_residency_otorhinolaryngology_4f0716f08fed,acgme_program_code,2804121095,acgme_public_program_search,https://apps.acgme.org/ads/Public/Programs/Detail?orgCode=2804121095,accepted,0.89,program_identifier_candidate_hup-gme-residency-otorhinolaryngology-4f0716f08f_3aedff1a6888f619,2026-06-02T09:32:56.800704+00:00,"{""candidate_evidence"": {""acgme_data_item_key"": ""4571"", ""acgme_status_cell"": "",1,9,"", ""candidate_is_non_mutating"": true, ""official_program_url"": ""https://oto.med.upenn.edu/education/residency-program/""}, ""rationale"": ""Single strong ACGME candidate with no close competing Penn/UPHS facility or track sibling."", ""reconciliation_status"": ""accepted_official_program_identifier"", ""source_city"": ""Philadelphia"", ""source_program_name"": ""University of Pennsylvania Health System Program"", ""source_program_specialty"": ""Otolaryngology - Head and Neck Surgery""}"
official_program_identifier_hup-gme-fellowship-pain-medicine-384642e8f0d1-ac_f68c1e06a3bc47b1,hup_gme_fellowship_pain-medicine_384642e8f0d1,acgme_program_code,5304104026,acgme_public_program_search,https://apps.acgme.org/ads/Public/Programs/Detail?orgCode=5304104026,accepted,0.91,program_identifier_candidate_hup-gme-fellowship-pain-medicine-384642e8f0d1-ac_d48ea69885dbff18,2026-06-02T09:32:56.800704+00:00,"{""candidate_evidence"": {""acgme_data_item_key"": ""215"", ""acgme_status_cell"": "",1,9,"", ""candidate_is_non_mutating"": true, ""official_program_url"": ""https://www3.pennmedicine.org/departments-and-centers/anesthesiology-and-critical-care/education-and-training/fellowship-programs""}, ""rationale"": ""Single strong ACGME candidate with no close competing Penn/UPHS facility or track sibling."", ""reconciliation_status"": ""accepted_official_program_identifier"", ""source_city"": ""Philadelphia"", ""source_program_name"": ""University of Pennsylvania Health System Program"", ""source_program_specialty"": ""Pain medicine (multidisciplinary)""}"
official_program_identifier_hup-gme-residency-pathology-anatomic-and-clinica_d4ba3cc7d2336613,hup_gme_residency_pathology-anatomic-and-clinical_611fe58e800d,acgme_program_code,3004121314,acgme_public_program_search,https://apps.acgme.org/ads/Public/Programs/Detail?orgCode=3004121314,accepted,0.91,program_identifier_candidate_hup-gme-residency-pathology-anatomic-and-clinica_3151dff8f3fc9f87,2026-06-02T09:32:56.800704+00:00,"{""candidate_evidence"": {""acgme_data_item_key"": ""4278"", ""acgme_status_cell"": "",1,9,"", ""candidate_is_non_mutating"": true, ""official_program_url"": ""https://pathology.med.upenn.edu/education/residency/overview""}, ""rationale"": ""Single strong ACGME candidate with no close competing Penn/UPHS facility or track sibling."", ""reconciliation_status"": ""accepted_official_program_identifier"", ""source_city"": ""Philadelphia"", ""source_program_name"": ""University of Pennsylvania Health System Program"", ""source_program_specialty"": ""Pathology-anatomic and clinical""}"
official_program_identifier_hup-gme-residency-physical-medicine-and-rehabili_3d3b6a019e9a0657,hup_gme_residency_physical-medicine-and-rehabilitation_06323972b6bf,acgme_program_code,3404121058,acgme_public_program_search,https://apps.acgme.org/ads/Public/Programs/Detail?orgCode=3404121058,accepted,0.91,program_identifier_candidate_hup-gme-residency-physical-medicine-and-rehabili_20582a5b4cc648bf,2026-06-02T09:32:56.800704+00:00,"{""candidate_evidence"": {""acgme_data_item_key"": ""5509"", ""acgme_status_cell"": "",1,9,"", ""candidate_is_non_mutating"": true, ""official_program_url"": ""https://www3.pennmedicine.org/departments-and-centers/physical-medicine-and-rehabilitation/education-and-training/residency-program""}, ""rationale"": ""Single strong ACGME candidate with no close competing Penn/UPHS facility or track sibling."", ""reconciliation_status"": ""accepted_official_program_identifier"", ""source_city"": ""Philadelphia"", ""source_program_name"": ""University of Pennsylvania Health System Program"", ""source_program_specialty"": ""Physical medicine and rehabilitation""}"
official_program_identifier_hup-gme-fellowship-plastic-surgery-b33a31a2ab76-_37cb4dfb38748e94,hup_gme_fellowship_plastic-surgery_b33a31a2ab76,acgme_program_code,3604121089,acgme_public_program_search,https://apps.acgme.org/ads/Public/Programs/Detail?orgCode=3604121089,accepted,0.91,program_identifier_candidate_hup-gme-fellowship-plastic-surgery-b33a31a2ab76-_9b540bcb091b53bf,2026-06-02T09:32:56.800704+00:00,"{""candidate_evidence"": {""acgme_data_item_key"": ""5875"", ""acgme_status_cell"": "",1,9,"", ""candidate_is_non_mutating"": true, ""official_program_url"": ""https://www3.pennmedicine.org/departments-and-centers/department-of-surgery/education-and-training/residencies/plastic-surgery""}, ""rationale"": ""Single strong ACGME candidate with no close competing Penn/UPHS facility or track sibling."", ""reconciliation_status"": ""accepted_official_program_identifier"", ""source_city"": ""Philadelphia"", ""source_program_name"": ""University of Pennsylvania Health System Program"", ""source_program_specialty"": ""Plastic surgery""}"
official_program_identifier_hup-gme-residency-plastic-surgery-integrated-17f_3d90ceb29bf7ba08,hup_gme_residency_plastic-surgery-integrated_17f8bbadcda0,acgme_program_code,3624100159,acgme_public_program_search,https://apps.acgme.org/ads/Public/Programs/Detail?orgCode=3624100159,accepted,0.91,program_identifier_candidate_hup-gme-residency-plastic-surgery-integrated-17f_5731c21248951979,2026-06-02T09:32:56.800704+00:00,"{""candidate_evidence"": {""acgme_data_item_key"": ""10982"", ""acgme_status_cell"": "",1,9,"", ""candidate_is_non_mutating"": true, ""official_program_url"": ""https://www3.pennmedicine.org/departments-and-centers/department-of-surgery/education-and-training/residencies/plastic-surgery""}, ""rationale"": ""Single strong ACGME candidate with no close competing Penn/UPHS facility or track sibling."", ""reconciliation_status"": ""accepted_official_program_identifier"", ""source_city"": ""Philadelphia"", ""source_program_name"": ""University of Pennsylvania Health System Program"", ""source_program_specialty"": ""Plastic Surgery - Integrated""}"
official_program_identifier_hup-gme-fellowship-pulmonary-disease-and-critica_68e7025f6418f2eb,hup_gme_fellowship_pulmonary-disease-and-critical-care-medicine_9c4d89b19f6a,acgme_program_code,1564121088,acgme_public_program_search,https://apps.acgme.org/ads/Public/Programs/Detail?orgCode=1564121088,accepted,0.91,program_identifier_candidate_hup-gme-fellowship-pulmonary-disease-and-critica_6d7cc43747c04281,2026-06-02T09:32:56.800704+00:00,"{""candidate_evidence"": {""acgme_data_item_key"": ""2830"", ""acgme_status_cell"": "",1,9,"", ""candidate_is_non_mutating"": true, ""official_program_url"": ""https://www3.pennmedicine.org/departments-and-centers/department-of-medicine/divisions/pulmonology-allergy-and-critical-care/education-and-training/fellowship-offerings""}, ""rationale"": ""Single strong ACGME candidate with no close competing Penn/UPHS facility or track sibling."", ""reconciliation_status"": ""accepted_official_program_identifier"", ""source_city"": ""Philadelphia"", ""source_program_name"": ""University of Pennsylvania Health System Program"", ""source_program_specialty"": ""Pulmonary disease and critical care medicine""}"
official_program_identifier_hup-gme-residency-radiation-oncology-1ae0f3bafe3_ba41cce69505afdb,hup_gme_residency_radiation-oncology_1ae0f3bafe3a,acgme_program_code,4304121087,acgme_public_program_search,https://apps.acgme.org/ads/Public/Programs/Detail?orgCode=4304121087,accepted,0.91,program_identifier_candidate_hup-gme-residency-radiation-oncology-1ae0f3bafe3_f3ad937f745752a9,2026-06-02T09:32:56.800704+00:00,"{""candidate_evidence"": {""acgme_data_item_key"": ""6649"", ""acgme_status_cell"": "",1,9,"", ""candidate_is_non_mutating"": true, ""official_program_url"": ""https://www.med.upenn.edu/radiationoncologymedicalresidency/""}, ""rationale"": ""Single strong ACGME candidate with no close competing Penn/UPHS facility or track sibling."", ""reconciliation_status"": ""accepted_official_program_identifier"", ""source_city"": ""Philadelphia"", ""source_program_name"": ""University of Pennsylvania Health System Program"", ""source_program_specialty"": ""Radiation oncology""}"
official_program_identifier_hup-gme-residency-radiology-interventional-indep_5435689d8199e64b,hup_gme_residency_radiology-interventional-independent_951079567585,acgme_program_code,4154100001,acgme_public_program_search,https://apps.acgme.org/ads/Public/Programs/Detail?orgCode=4154100001,accepted,0.89,program_identifier_candidate_hup-gme-residency-radiology-interventional-indep_289fbb2fd9cc87ac,2026-06-02T09:32:56.800704+00:00,"{""candidate_evidence"": {""acgme_data_item_key"": ""28170"", ""acgme_status_cell"": "",1,9,"", ""candidate_is_non_mutating"": true, ""official_program_url"": ""https://www3.pennmedicine.org/departments-and-centers/department-of-radiology/education-and-training/residency-programs/irdr-interventional-radiology""}, ""rationale"": ""Single strong ACGME candidate with no close competing Penn/UPHS facility or track sibling."", ""reconciliation_status"": ""accepted_official_program_identifier"", ""source_city"": ""Philadelphia"", ""source_program_name"": ""University of Pennsylvania Health System Program"", ""source_program_specialty"": ""Interventional radiology - independent""}"
official_program_identifier_hup-gme-residency-radiology-interventional-integ_d9e932813b276e4d,hup_gme_residency_radiology-interventional-integrated_278955441e4c,acgme_program_code,4164100002,acgme_public_program_search,https://apps.acgme.org/ads/Public/Programs/Detail?orgCode=4164100002,accepted,0.89,program_identifier_candidate_hup-gme-residency-radiology-interventional-integ_469761aa7a7c777d,2026-06-02T09:32:56.800704+00:00,"{""candidate_evidence"": {""acgme_data_item_key"": ""28171"", ""acgme_status_cell"": "",1,9,"", ""candidate_is_non_mutating"": true, ""official_program_url"": ""https://www3.pennmedicine.org/departments-and-centers/department-of-radiology/education-and-training/residency-programs/irdr-interventional-radiology""}, ""rationale"": ""Single strong ACGME candidate with no close competing Penn/UPHS facility or track sibling."", ""reconciliation_status"": ""accepted_official_program_identifier"", ""source_city"": ""Philadelphia"", ""source_program_name"": ""University of Pennsylvania Health System Program"", ""source_program_specialty"": ""Interventional radiology - integrated""}"
official_program_identifier_hup-gme-fellowship-reproductive-endocrinology-an_e254e42e77dda92d,hup_gme_fellowship_reproductive-endocrinology-and-infertility_2a70bffffe74,acgme_program_code,2354122003,acgme_public_program_search,https://apps.acgme.org/ads/Public/Programs/Detail?orgCode=2354122003,accepted,0.91,program_identifier_candidate_hup-gme-fellowship-reproductive-endocrinology-an_5ef06defc285fa5a,2026-06-02T09:32:56.800704+00:00,"{""candidate_evidence"": {""acgme_data_item_key"": ""33246"", ""acgme_status_cell"": "",1,9,"", ""candidate_is_non_mutating"": true, ""official_program_url"": ""https://www3.pennmedicine.org/departments-and-centers/obstetrics-and-gynecology/education-and-training/fellowship-programs/reproductive-endocrinology""}, ""rationale"": ""Single strong ACGME candidate with no close competing Penn/UPHS facility or track sibling."", ""reconciliation_status"": ""accepted_official_program_identifier"", ""source_city"": ""Philadelphia"", ""source_program_name"": ""University of Pennsylvania Health System Program"", ""source_program_specialty"": ""Reproductive endocrinology and infertility""}"
official_program_identifier_hup-gme-fellowship-rheumatology-9d68fdcba87c-acg_cae674640b7fdd15,hup_gme_fellowship_rheumatology_9d68fdcba87c,acgme_program_code,1504121015,acgme_public_program_search,https://apps.acgme.org/ads/Public/Programs/Detail?orgCode=1504121015,accepted,0.91,program_identifier_candidate_hup-gme-fellowship-rheumatology-9d68fdcba87c-acg_8f4c61acaacebcfe,2026-06-02T09:32:56.800704+00:00,"{""candidate_evidence"": {""acgme_data_item_key"": ""2341"", ""acgme_status_cell"": "",1,9,"", ""candidate_is_non_mutating"": true, ""official_program_url"": ""https://www3.pennmedicine.org/departments-and-centers/department-of-medicine/divisions/rheumatology/education-and-training/fellowship-programs""}, ""rationale"": ""Single strong ACGME candidate with no close competing Penn/UPHS facility or track sibling."", ""reconciliation_status"": ""accepted_official_program_identifier"", ""source_city"": ""Philadelphia"", ""source_program_name"": ""University of Pennsylvania Health System Program"", ""source_program_specialty"": ""Rheumatology""}"
official_program_identifier_hup-gme-fellowship-sleep-medicine-06588f67c016-a_631a854d77bb4007,hup_gme_fellowship_sleep-medicine_06588f67c016,acgme_program_code,5204114051,acgme_public_program_search,https://apps.acgme.org/ads/Public/Programs/Detail?orgCode=5204114051,accepted,0.87,program_identifier_candidate_hup-gme-fellowship-sleep-medicine-06588f67c016-a_762eda6011f8808b,2026-06-02T09:32:56.800704+00:00,"{""candidate_evidence"": {""acgme_data_item_key"": ""8984"", ""acgme_status_cell"": "",1,9,"", ""candidate_is_non_mutating"": true, ""official_program_url"": ""https://www.med.upenn.edu/sleepctr/clinical-fellowship.html""}, ""rationale"": ""Single strong ACGME candidate with no close competing Penn/UPHS facility or track sibling."", ""reconciliation_status"": ""accepted_official_program_identifier"", ""source_city"": ""Philadelphia"", ""source_program_name"": ""University of Pennsylvania Health System/Children's Hospital of Philadelphia Program"", ""source_program_specialty"": ""Sleep medicine (multidisciplinary)""}"
official_program_identifier_hup-gme-residency-thoracic-surgery-integrated-d1_79c9342e7a857501,hup_gme_residency_thoracic-surgery-integrated_d1e421f5c16a,acgme_program_code,4614121082,acgme_public_program_search,https://apps.acgme.org/ads/Public/Programs/Detail?orgCode=4614121082,accepted,0.91,program_identifier_candidate_hup-gme-residency-thoracic-surgery-integrated-d1_7dacbdeb8219e5ed,2026-06-02T09:32:56.800704+00:00,"{""candidate_evidence"": {""acgme_data_item_key"": ""10156"", ""acgme_status_cell"": "",1,9,"", ""candidate_is_non_mutating"": true, ""official_program_url"": ""https://www3.pennmedicine.org/departments-and-centers/department-of-surgery/education-and-training/residencies/cardiothoracic-residency""}, ""rationale"": ""Single strong ACGME candidate with no close competing Penn/UPHS facility or track sibling."", ""reconciliation_status"": ""accepted_official_program_identifier"", ""source_city"": ""Philadelphia"", ""source_program_name"": ""University of Pennsylvania Health System Program"", ""source_program_specialty"": ""Thoracic surgery - integrated""}"
official_program_identifier_hup-gme-fellowship-transplant-hepatology-f4d7a20_941d7cad4502aef6,hup_gme_fellowship_transplant-hepatology_f4d7a209f96e,acgme_program_code,1584114054,acgme_public_program_search,https://apps.acgme.org/ads/Public/Programs/Detail?orgCode=1584114054,accepted,0.91,program_identifier_candidate_hup-gme-fellowship-transplant-hepatology-f4d7a20_c4bb29f3fa1af657,2026-06-02T09:32:56.800704+00:00,"{""candidate_evidence"": {""acgme_data_item_key"": ""10632"", ""acgme_status_cell"": "",1,9,"", ""candidate_is_non_mutating"": true, ""official_program_url"": ""https://www3.pennmedicine.org/departments-and-centers/department-of-medicine/divisions/gastroenterology/education-and-training/fellowship-programs/transplant-hepatology-fellowship""}, ""rationale"": ""Single strong ACGME candidate with no close competing Penn/UPHS facility or track sibling."", ""reconciliation_status"": ""accepted_official_program_identifier"", ""source_city"": ""Philadelphia"", ""source_program_name"": ""University of Pennsylvania Health System Program"", ""source_program_specialty"": ""Transplant hepatology""}"
official_program_identifier_hup-gme-fellowship-trauma-and-surgical-critical-_202b15d42d3028fe,hup_gme_fellowship_trauma-and-surgical-critical-care_5fa0f17c1f74,acgme_program_code,4424121056,acgme_public_program_search,https://apps.acgme.org/ads/Public/Programs/Detail?orgCode=4424121056,accepted,0.89,program_identifier_candidate_hup-gme-fellowship-trauma-and-surgical-critical-_38a5f3b6dabcd3ff,2026-06-02T09:32:56.800704+00:00,"{""candidate_evidence"": {""acgme_data_item_key"": ""6572"", ""acgme_status_cell"": "",1,9,"", ""candidate_is_non_mutating"": true, ""official_program_url"": ""https://www3.pennmedicine.org/departments-and-centers/department-of-surgery/education-and-training/fellowships/trauma-and-surgical-critical-care-fellowship""}, ""rationale"": ""Single strong ACGME candidate with no close competing Penn/UPHS facility or track sibling."", ""reconciliation_status"": ""accepted_official_program_identifier"", ""source_city"": ""Philadelphia"", ""source_program_name"": ""University of Pennsylvania Health System Program"", ""source_program_specialty"": ""Surgical critical care""}"
official_program_identifier_hup-gme-fellowship-undersea-and-hyperbaric-medic_272408b4c04a6db2,hup_gme_fellowship_undersea-and-hyperbaric-medicine_141573b3b9af,acgme_program_code,1194121001,acgme_public_program_search,https://apps.acgme.org/ads/Public/Programs/Detail?orgCode=1194121001,accepted,0.91,program_identifier_candidate_hup-gme-fellowship-undersea-and-hyperbaric-medic_365712617583591f,2026-06-02T09:32:56.800704+00:00,"{""candidate_evidence"": {""acgme_data_item_key"": ""8743"", ""acgme_status_cell"": "",1,9,"", ""candidate_is_non_mutating"": true, ""official_program_url"": ""https://www3.pennmedicine.org/departments-and-centers/emergency-medicine/education-and-training/fellowship-program/hyperbaric-medicine""}, ""rationale"": ""Single strong ACGME candidate with no close competing Penn/UPHS facility or track sibling."", ""reconciliation_status"": ""accepted_official_program_identifier"", ""source_city"": ""Philadelphia"", ""source_program_name"": ""University of Pennsylvania Health System Program"", ""source_program_specialty"": ""Undersea and hyperbaric medicine (Emergency medicine)""}"
official_program_identifier_hup-gme-fellowship-urogynecology-and-reconstruct_589a57aa36a19c3e,hup_gme_fellowship_urogynecology-and-reconstructive-pelvic-surgery_cd33cc4131ec,acgme_program_code,2214122002,acgme_public_program_search,https://apps.acgme.org/ads/Public/Programs/Detail?orgCode=2214122002,accepted,0.91,program_identifier_candidate_hup-gme-fellowship-urogynecology-and-reconstruct_72ae81e85e1d8365,2026-06-02T09:32:56.800704+00:00,"{""candidate_evidence"": {""acgme_data_item_key"": ""25660"", ""acgme_status_cell"": "",1,9,"", ""candidate_is_non_mutating"": true, ""official_program_url"": ""https://www3.pennmedicine.org/departments-and-centers/obstetrics-and-gynecology/education-and-training/fellowship-programs/urogynecology""}, ""rationale"": ""Single strong ACGME candidate with no close competing Penn/UPHS facility or track sibling."", ""reconciliation_status"": ""accepted_official_program_identifier"", ""source_city"": ""Philadelphia"", ""source_program_name"": ""University of Pennsylvania Health System Program"", ""source_program_specialty"": ""Urogynecology and Reconstructive Pelvic Surgery (OBGYN)""}"
official_program_identifier_hup-gme-residency-urology-c8ae21f3f7ee-acgme-pro_ddeaa937fff90266,hup_gme_residency_urology_c8ae21f3f7ee,acgme_program_code,4804121134,acgme_public_program_search,https://apps.acgme.org/ads/Public/Programs/Detail?orgCode=4804121134,accepted,0.91,program_identifier_candidate_hup-gme-residency-urology-c8ae21f3f7ee-acgme-480_6cc3d9b240fb9dbb,2026-06-02T09:32:56.800704+00:00,"{""candidate_evidence"": {""acgme_data_item_key"": ""7313"", ""acgme_status_cell"": "",1,9,"", ""candidate_is_non_mutating"": true, ""official_program_url"": ""https://www3.pennmedicine.org/departments-and-centers/department-of-surgery/education-and-training/residencies/urology-residency""}, ""rationale"": ""Single strong ACGME candidate with no close competing Penn/UPHS facility or track sibling."", ""reconciliation_status"": ""accepted_official_program_identifier"", ""source_city"": ""Philadelphia"", ""source_program_name"": ""University of Pennsylvania Health System Program"", ""source_program_specialty"": ""Urology""}"
official_program_identifier_hup-gme-fellowship-vascular-neurology-9ffa1cb417_028b671393544e63,hup_gme_fellowship_vascular-neurology_9ffa1cb417d9,acgme_program_code,1884121056,acgme_public_program_search,https://apps.acgme.org/ads/Public/Programs/Detail?orgCode=1884121056,accepted,0.91,program_identifier_candidate_hup-gme-fellowship-vascular-neurology-9ffa1cb417_6b32b5b20ce68899,2026-06-02T09:32:56.800704+00:00,"{""candidate_evidence"": {""acgme_data_item_key"": ""9956"", ""acgme_status_cell"": "",1,9,"", ""candidate_is_non_mutating"": true, ""official_program_url"": ""https://neurofellowships.uphs.upenn.edu/p/neurovascular.html""}, ""rationale"": ""Single strong ACGME candidate with no close competing Penn/UPHS facility or track sibling."", ""reconciliation_status"": ""accepted_official_program_identifier"", ""source_city"": ""Philadelphia"", ""source_program_name"": ""University of Pennsylvania Health System Program"", ""source_program_specialty"": ""Vascular neurology""}"
official_program_identifier_hup-gme-residency-vascular-surgery-integrated-ef_5d1ab94aa4412f73,hup_gme_residency_vascular-surgery-integrated_ef92a75c5715,acgme_program_code,4514100120,acgme_public_program_search,https://apps.acgme.org/ads/Public/Programs/Detail?orgCode=4514100120,accepted,0.91,program_identifier_candidate_hup-gme-residency-vascular-surgery-integrated-ef_193245c6e0192d31,2026-06-02T09:32:56.800704+00:00,"{""candidate_evidence"": {""acgme_data_item_key"": ""10961"", ""acgme_status_cell"": "",1,9,"", ""candidate_is_non_mutating"": true, ""official_program_url"": ""https://www3.pennmedicine.org/departments-and-centers/department-of-surgery/education-and-training/residencies/vascular-surgery-integrated-residency""}, ""rationale"": ""Single strong ACGME candidate with no close competing Penn/UPHS facility or track sibling."", ""reconciliation_status"": ""accepted_official_program_identifier"", ""source_city"": ""Philadelphia"", ""source_program_name"": ""University of Pennsylvania Health System Program"", ""source_program_specialty"": ""Vascular surgery - integrated""}"
