review_queue_bridge_key,gap_key,program_key,program_name,candidate_output_status,candidate_output_rows,queue_approval_rows,review_queue_rows,decision_scaffold_rows,manual_decision_audit_rows,pending_decision_rows,valid_non_mutating_decision_rows,invalid_decision_rows,review_queue_bridge_status,review_queue_coverage_status,next_required_approval,accepted_person_rows,person_ingestion_allowed,denominator_closure_allowed,school_verification_allowed,url_rewrite_allowed,identity_collapse_allowed,evidence_json,mutation_policy,generated_at
school_gap_resolution_review_queue_bridge_bcfa3c8ac3dd6a49fa73,school_gap_resolution_0f722f151b4e935afbe1,vanderbilt_program_fellowship-academic-general-pediatrics-https-pediatrics-vumc_41e6efa85f89,Academic General Pediatrics,candidate_fingerprints_verified,4,4,4,4,4,4,0,0,pending_reviewer_decisions_ready,covered_by_review_queue_scaffold_and_pending_audit,exact_non_mutating_reviewer_decision_patch_or_future_acceptance_packet_required,0,false,false,false,false,false,"{""candidate_evidence_only"":true,""decision_scaffold_keys"":[""vanderbilt_candidate_review_decision_8f8ee877e667b690701e"",""vanderbilt_candidate_review_decision_9ccf11ed9a91097d5203"",""vanderbilt_candidate_review_decision_a3bf440c1358a12d7dff"",""vanderbilt_candidate_review_decision_c424218711ce671508e9""],""queue_approval_keys"":[""vanderbilt_candidate_review_queue_approval_85e5b97079fe2a2c08bc"",""vanderbilt_candidate_review_queue_approval_4475d54b6401e3e4d987"",""vanderbilt_candidate_review_queue_approval_32ee5094b57453cd82a5"",""vanderbilt_candidate_review_queue_approval_e553e345201e4e4df351""],""review_queue_keys"":[""vanderbilt_candidate_review_queue_6a529298e81243d451f5"",""vanderbilt_candidate_review_queue_b68ae64ea968e43e5d29"",""vanderbilt_candidate_review_queue_dc77df6842d8f57b5ba4"",""vanderbilt_candidate_review_queue_ff550714c05e72e379cd""],""review_queue_lanes"":[""candidate_fingerprint_review""],""source_candidate_output_bridge_rowset_sha256"":""dfb141c1883d85fd6a8c7c0e015b939414788936eb13dbb04eecb9111ff5b843"",""source_decision_audit_rowset_sha256"":""e75fc27de3e1374e1e945efe207adbfb4cc04c4c7bc969afe4eaa3d0eb8e93de"",""source_decision_scaffold_rowset_sha256"":""29f91bd14647f1d9ee3eaa82dda6326e2b2d78f30c10041f31ac781f05353938"",""source_queue_approval_rowset_sha256"":""a62defd685b64560a138cfaeb82956254f49341ce982bb549fe1846b25dd5bd5"",""source_review_queue_rowset_sha256"":""b74b337bfa43406d8a200956d469eb5dc0d41902c197f78af85001f18750b148"",""source_scaffold_verification_rowset_sha256"":""24e03f71174cd456b4783457113d64d4b15185721fc86092ca2a5f47e7eb4260""}","Non-mutating bridge from Vanderbilt candidate-output coverage to review queues, decision scaffolds, and pending manual-decision audit rows. It records reviewer-decision readiness only. It does not fill reviewer decisions, accept people, ingest people, close denominators, verify Vanderbilt, rewrite URLs, accept enrichment facts, or collapse identities.",2026-06-09T08:25:57.081390+00:00
school_gap_resolution_review_queue_bridge_9a2d74f8d734dd360d4c,school_gap_resolution_b37e2270125d92fba7e8,vanderbilt_program_fellowship-advanced-endoscopy-https-medicine-vumc-org-advanc_20ef397616c3,Advanced Endoscopy,scope_metadata_verified,1,1,1,1,1,1,0,0,pending_reviewer_decisions_ready,covered_by_review_queue_scaffold_and_pending_audit,exact_non_mutating_reviewer_decision_patch_or_future_acceptance_packet_required,0,false,false,false,false,false,"{""candidate_evidence_only"":true,""decision_scaffold_keys"":[""vanderbilt_candidate_review_decision_a5393a6d70b4a5d93844""],""queue_approval_keys"":[""vanderbilt_candidate_review_queue_approval_1581adb8c80883b4ce4a""],""review_queue_keys"":[""vanderbilt_candidate_review_queue_5ab4d836cd194beea8a4""],""review_queue_lanes"":[""linked_scope_metadata_review""],""source_candidate_output_bridge_rowset_sha256"":""dfb141c1883d85fd6a8c7c0e015b939414788936eb13dbb04eecb9111ff5b843"",""source_decision_audit_rowset_sha256"":""e75fc27de3e1374e1e945efe207adbfb4cc04c4c7bc969afe4eaa3d0eb8e93de"",""source_decision_scaffold_rowset_sha256"":""29f91bd14647f1d9ee3eaa82dda6326e2b2d78f30c10041f31ac781f05353938"",""source_queue_approval_rowset_sha256"":""a62defd685b64560a138cfaeb82956254f49341ce982bb549fe1846b25dd5bd5"",""source_review_queue_rowset_sha256"":""b74b337bfa43406d8a200956d469eb5dc0d41902c197f78af85001f18750b148"",""source_scaffold_verification_rowset_sha256"":""24e03f71174cd456b4783457113d64d4b15185721fc86092ca2a5f47e7eb4260""}","Non-mutating bridge from Vanderbilt candidate-output coverage to review queues, decision scaffolds, and pending manual-decision audit rows. It records reviewer-decision readiness only. It does not fill reviewer decisions, accept people, ingest people, close denominators, verify Vanderbilt, rewrite URLs, accept enrichment facts, or collapse identities.",2026-06-09T08:25:57.081390+00:00
school_gap_resolution_review_queue_bridge_9ae4ba250d83413ee99e,school_gap_resolution_ffc23da00829c1e061ae,vanderbilt_program_fellowship-advanced-inflammatory-bowel-disease-https-medicin_4a3960c8c48c,Advanced Inflammatory Bowel Disease,scope_metadata_verified,1,1,1,1,1,1,0,0,pending_reviewer_decisions_ready,covered_by_review_queue_scaffold_and_pending_audit,exact_non_mutating_reviewer_decision_patch_or_future_acceptance_packet_required,0,false,false,false,false,false,"{""candidate_evidence_only"":true,""decision_scaffold_keys"":[""vanderbilt_candidate_review_decision_74e5670bafc68feccdf7""],""queue_approval_keys"":[""vanderbilt_candidate_review_queue_approval_840c2581ed9212f529fe""],""review_queue_keys"":[""vanderbilt_candidate_review_queue_0a029ae04f7a6b457ede""],""review_queue_lanes"":[""linked_scope_metadata_review""],""source_candidate_output_bridge_rowset_sha256"":""dfb141c1883d85fd6a8c7c0e015b939414788936eb13dbb04eecb9111ff5b843"",""source_decision_audit_rowset_sha256"":""e75fc27de3e1374e1e945efe207adbfb4cc04c4c7bc969afe4eaa3d0eb8e93de"",""source_decision_scaffold_rowset_sha256"":""29f91bd14647f1d9ee3eaa82dda6326e2b2d78f30c10041f31ac781f05353938"",""source_queue_approval_rowset_sha256"":""a62defd685b64560a138cfaeb82956254f49341ce982bb549fe1846b25dd5bd5"",""source_review_queue_rowset_sha256"":""b74b337bfa43406d8a200956d469eb5dc0d41902c197f78af85001f18750b148"",""source_scaffold_verification_rowset_sha256"":""24e03f71174cd456b4783457113d64d4b15185721fc86092ca2a5f47e7eb4260""}","Non-mutating bridge from Vanderbilt candidate-output coverage to review queues, decision scaffolds, and pending manual-decision audit rows. It records reviewer-decision readiness only. It does not fill reviewer decisions, accept people, ingest people, close denominators, verify Vanderbilt, rewrite URLs, accept enrichment facts, or collapse identities.",2026-06-09T08:25:57.081390+00:00
school_gap_resolution_review_queue_bridge_1e9980e8646967970427,school_gap_resolution_a1eec6daa5d6f7a13a75,vanderbilt_program_fellowship-developmental-behavioral-pediatrics-https-pediatr_68d46c58626d,Developmental-Behavioral Pediatrics,candidate_fingerprints_verified,4,4,4,4,4,4,0,0,pending_reviewer_decisions_ready,covered_by_review_queue_scaffold_and_pending_audit,exact_non_mutating_reviewer_decision_patch_or_future_acceptance_packet_required,0,false,false,false,false,false,"{""candidate_evidence_only"":true,""decision_scaffold_keys"":[""vanderbilt_candidate_review_decision_213df7181f9598e2a1c9"",""vanderbilt_candidate_review_decision_4d4d5b0cf3e051244856"",""vanderbilt_candidate_review_decision_7efa7a2815b937230c56"",""vanderbilt_candidate_review_decision_dcab8d29fc841356eb52""],""queue_approval_keys"":[""vanderbilt_candidate_review_queue_approval_0cbe9ea9d1d1ba8684da"",""vanderbilt_candidate_review_queue_approval_cf1f771a1171b81d9431"",""vanderbilt_candidate_review_queue_approval_30f4762d01838a14f886"",""vanderbilt_candidate_review_queue_approval_b14e266ca0b437442afe""],""review_queue_keys"":[""vanderbilt_candidate_review_queue_54ab98d9742910acfde7"",""vanderbilt_candidate_review_queue_593280c3e1b047082bfd"",""vanderbilt_candidate_review_queue_9e1fd28fa6b84a0a3452"",""vanderbilt_candidate_review_queue_d50ee432bf2134332cbf""],""review_queue_lanes"":[""candidate_fingerprint_review""],""source_candidate_output_bridge_rowset_sha256"":""dfb141c1883d85fd6a8c7c0e015b939414788936eb13dbb04eecb9111ff5b843"",""source_decision_audit_rowset_sha256"":""e75fc27de3e1374e1e945efe207adbfb4cc04c4c7bc969afe4eaa3d0eb8e93de"",""source_decision_scaffold_rowset_sha256"":""29f91bd14647f1d9ee3eaa82dda6326e2b2d78f30c10041f31ac781f05353938"",""source_queue_approval_rowset_sha256"":""a62defd685b64560a138cfaeb82956254f49341ce982bb549fe1846b25dd5bd5"",""source_review_queue_rowset_sha256"":""b74b337bfa43406d8a200956d469eb5dc0d41902c197f78af85001f18750b148"",""source_scaffold_verification_rowset_sha256"":""24e03f71174cd456b4783457113d64d4b15185721fc86092ca2a5f47e7eb4260""}","Non-mutating bridge from Vanderbilt candidate-output coverage to review queues, decision scaffolds, and pending manual-decision audit rows. It records reviewer-decision readiness only. It does not fill reviewer decisions, accept people, ingest people, close denominators, verify Vanderbilt, rewrite URLs, accept enrichment facts, or collapse identities.",2026-06-09T08:25:57.081390+00:00
school_gap_resolution_review_queue_bridge_05a478190fe6abc5e758,school_gap_resolution_fc81125bf7a9850abf6f,vanderbilt_program_fellowship-gastroenterology-https-medicine-vumc-org-division_8a52e2c35fee,Gastroenterology,candidate_fingerprints_verified,10,10,10,10,10,10,0,0,pending_reviewer_decisions_ready,covered_by_review_queue_scaffold_and_pending_audit,exact_non_mutating_reviewer_decision_patch_or_future_acceptance_packet_required,0,false,false,false,false,false,"{""candidate_evidence_only"":true,""decision_scaffold_keys"":[""vanderbilt_candidate_review_decision_08fc0751886449b2617a"",""vanderbilt_candidate_review_decision_1458f4841e7a0406a527"",""vanderbilt_candidate_review_decision_1f03510c12dd14e07605"",""vanderbilt_candidate_review_decision_2b55b1645ec7183d843c"",""vanderbilt_candidate_review_decision_627e70e854c2f0ecfcdb"",""vanderbilt_candidate_review_decision_6df59ae0af2661c704de"",""vanderbilt_candidate_review_decision_796b42c68d6859bd7b7f"",""vanderbilt_candidate_review_decision_9011056f1626cdc56499"",""vanderbilt_candidate_review_decision_b0d9cbd57617f6e68cb8"",""vanderbilt_candidate_review_decision_ff69dcda955ee1457b6a""],""queue_approval_keys"":[""vanderbilt_candidate_review_queue_approval_88633d0fb98b92e9f6c3"",""vanderbilt_candidate_review_queue_approval_1758298e917e9dac65a3"",""vanderbilt_candidate_review_queue_approval_70ef28a224f26b3de373"",""vanderbilt_candidate_review_queue_approval_3dd86401bb4fdd61b0e2"",""vanderbilt_candidate_review_queue_approval_782eb0deda35322a64f0"",""vanderbilt_candidate_review_queue_approval_c8e95fca0b330a5f5d0c"",""vanderbilt_candidate_review_queue_approval_44b2c0f48c0ed04e12fd"",""vanderbilt_candidate_review_queue_approval_4bf4315e49dc695054d6"",""vanderbilt_candidate_review_queue_approval_94f5858e12477be6d551"",""vanderbilt_candidate_review_queue_approval_02730111ade16449cb54""],""review_queue_keys"":[""vanderbilt_candidate_review_queue_3efed8aa0a8a659c98d8"",""vanderbilt_candidate_review_queue_4f88969e552a2a1e69f3"",""vanderbilt_candidate_review_queue_61563371580c87f71ba3"",""vanderbilt_candidate_review_queue_6dabdc0a489aa7b3f905"",""vanderbilt_candidate_review_queue_82e617db3e68a93ec1d8"",""vanderbilt_candidate_review_queue_b57ba70cbacb0d9f194a"",""vanderbilt_candidate_review_queue_b79d015f3532987b2648"",""vanderbilt_candidate_review_queue_bd50688227714f409f25"",""vanderbilt_candidate_review_queue_be4c1f1b4865e690ddd9"",""vanderbilt_candidate_review_queue_c60a0ff94011763b6bcc""],""review_queue_lanes"":[""candidate_fingerprint_review""],""source_candidate_output_bridge_rowset_sha256"":""dfb141c1883d85fd6a8c7c0e015b939414788936eb13dbb04eecb9111ff5b843"",""source_decision_audit_rowset_sha256"":""e75fc27de3e1374e1e945efe207adbfb4cc04c4c7bc969afe4eaa3d0eb8e93de"",""source_decision_scaffold_rowset_sha256"":""29f91bd14647f1d9ee3eaa82dda6326e2b2d78f30c10041f31ac781f05353938"",""source_queue_approval_rowset_sha256"":""a62defd685b64560a138cfaeb82956254f49341ce982bb549fe1846b25dd5bd5"",""source_review_queue_rowset_sha256"":""b74b337bfa43406d8a200956d469eb5dc0d41902c197f78af85001f18750b148"",""source_scaffold_verification_rowset_sha256"":""24e03f71174cd456b4783457113d64d4b15185721fc86092ca2a5f47e7eb4260""}","Non-mutating bridge from Vanderbilt candidate-output coverage to review queues, decision scaffolds, and pending manual-decision audit rows. It records reviewer-decision readiness only. It does not fill reviewer decisions, accept people, ingest people, close denominators, verify Vanderbilt, rewrite URLs, accept enrichment facts, or collapse identities.",2026-06-09T08:25:57.081390+00:00
school_gap_resolution_review_queue_bridge_894c7e742bbbd67424b5,school_gap_resolution_f597e11575f734a40105,vanderbilt_program_residency-general-surgery-https-www-vumc-org-generalsurgeryr_36cdd333340f,General Surgery,candidate_fingerprints_verified,2,2,2,2,2,2,0,0,pending_reviewer_decisions_ready,covered_by_review_queue_scaffold_and_pending_audit,exact_non_mutating_reviewer_decision_patch_or_future_acceptance_packet_required,0,false,false,false,false,false,"{""candidate_evidence_only"":true,""decision_scaffold_keys"":[""vanderbilt_candidate_review_decision_3706f85188a91bff475b"",""vanderbilt_candidate_review_decision_5378c476525afb286e47""],""queue_approval_keys"":[""vanderbilt_candidate_review_queue_approval_91b03c5a7be4c0ac060b"",""vanderbilt_candidate_review_queue_approval_e5f2af615f1c631cc2ca""],""review_queue_keys"":[""vanderbilt_candidate_review_queue_b32f6a5fd8e62b9062f4"",""vanderbilt_candidate_review_queue_f586ed5e44f33031f569""],""review_queue_lanes"":[""candidate_fingerprint_review""],""source_candidate_output_bridge_rowset_sha256"":""dfb141c1883d85fd6a8c7c0e015b939414788936eb13dbb04eecb9111ff5b843"",""source_decision_audit_rowset_sha256"":""e75fc27de3e1374e1e945efe207adbfb4cc04c4c7bc969afe4eaa3d0eb8e93de"",""source_decision_scaffold_rowset_sha256"":""29f91bd14647f1d9ee3eaa82dda6326e2b2d78f30c10041f31ac781f05353938"",""source_queue_approval_rowset_sha256"":""a62defd685b64560a138cfaeb82956254f49341ce982bb549fe1846b25dd5bd5"",""source_review_queue_rowset_sha256"":""b74b337bfa43406d8a200956d469eb5dc0d41902c197f78af85001f18750b148"",""source_scaffold_verification_rowset_sha256"":""24e03f71174cd456b4783457113d64d4b15185721fc86092ca2a5f47e7eb4260""}","Non-mutating bridge from Vanderbilt candidate-output coverage to review queues, decision scaffolds, and pending manual-decision audit rows. It records reviewer-decision readiness only. It does not fill reviewer decisions, accept people, ingest people, close denominators, verify Vanderbilt, rewrite URLs, accept enrichment facts, or collapse identities.",2026-06-09T08:25:57.081390+00:00
school_gap_resolution_review_queue_bridge_e13dc8f579b91c58ab0b,school_gap_resolution_1695ed7c90ad875ce03a,vanderbilt_program_fellowship-neonatal-perinatal-medicine-https-pediatrics-vumc_4f77c30f6178,Neonatal-Perinatal Medicine,candidate_fingerprints_verified,19,19,19,19,19,19,0,0,pending_reviewer_decisions_ready,covered_by_review_queue_scaffold_and_pending_audit,exact_non_mutating_reviewer_decision_patch_or_future_acceptance_packet_required,0,false,false,false,false,false,"{""candidate_evidence_only"":true,""decision_scaffold_keys"":[""vanderbilt_candidate_review_decision_290f2bd60ed7091bb79b"",""vanderbilt_candidate_review_decision_5be5326567cea45c913e"",""vanderbilt_candidate_review_decision_5ff272f1832dbc242221"",""vanderbilt_candidate_review_decision_7051a083d3c488dec875"",""vanderbilt_candidate_review_decision_78f153ae9e078c9bf9dc"",""vanderbilt_candidate_review_decision_7ab66830e8a661628c1f"",""vanderbilt_candidate_review_decision_88398e91b6472876a19a"",""vanderbilt_candidate_review_decision_b93b9cc7d5ae55cbaf51"",""vanderbilt_candidate_review_decision_c5d97330c6f711770d8c"",""vanderbilt_candidate_review_decision_c6404c986f126de1ef06"",""vanderbilt_candidate_review_decision_cbb03dc2f1e4c4f94e27"",""vanderbilt_candidate_review_decision_d3f1a65b621279c624b5"",""vanderbilt_candidate_review_decision_d401b957a3e3e72a2bea"",""vanderbilt_candidate_review_decision_e7bb37c8fa4effffd5dc"",""vanderbilt_candidate_review_decision_eb3c5be04320ccfb2a9d"",""vanderbilt_candidate_review_decision_f0c3686db8a65a791816"",""vanderbilt_candidate_review_decision_f22e8714038ff3137c79"",""vanderbilt_candidate_review_decision_f637d91d1b9e90f71726"",""vanderbilt_candidate_review_decision_fc8a4c3c7ccf5d7ae0d1""],""queue_approval_keys"":[""vanderbilt_candidate_review_queue_approval_6a1c6bd1595559505d82"",""vanderbilt_candidate_review_queue_approval_6a98319d5ac53ee90c92"",""vanderbilt_candidate_review_queue_approval_ca9f30af47f1e4dd67db"",""vanderbilt_candidate_review_queue_approval_5c3dd21fb896fcccca1c"",""vanderbilt_candidate_review_queue_approval_8c1ea8bfcb108f641e35"",""vanderbilt_candidate_review_queue_approval_a142a53b545647fe3826"",""vanderbilt_candidate_review_queue_approval_1b2d951fe1a4f0e26d0d"",""vanderbilt_candidate_review_queue_approval_a55e49135bff42992e59"",""vanderbilt_candidate_review_queue_approval_6c5fa67f0a8e0e174fa8"",""vanderbilt_candidate_review_queue_approval_c090bb2f644abb8929bf"",""vanderbilt_candidate_review_queue_approval_f77b6ccb30c4e5b52781"",""vanderbilt_candidate_review_queue_approval_d1148db6d55a20c0c4ee"",""vanderbilt_candidate_review_queue_approval_82e46775861527afa3dc"",""vanderbilt_candidate_review_queue_approval_2a4b136c178757a4ea85"",""vanderbilt_candidate_review_queue_approval_017efa2e96b81b40a21e"",""vanderbilt_candidate_review_queue_approval_96c6ec88b5f6875b193b"",""vanderbilt_candidate_review_queue_approval_9a2d48d696d5d0aebae7"",""vanderbilt_candidate_review_queue_approval_e233633d6cc22924b639"",""vanderbilt_candidate_review_queue_approval_29fd67dfdd81500dd5c0""],""review_queue_keys"":[""vanderbilt_candidate_review_queue_0e4e94c458deb5ec6266"",""vanderbilt_candidate_review_queue_2690563b12137e2303e9"",""vanderbilt_candidate_review_queue_413218ad634cb569025d"",""vanderbilt_candidate_review_queue_4a5c8903a55651423ac4"",""vanderbilt_candidate_review_queue_4f5e2204eb019c658827"",""vanderbilt_candidate_review_queue_61e8d9f684b86a967152"",""vanderbilt_candidate_review_queue_65c4a3c446191a6f7058"",""vanderbilt_candidate_review_queue_6bd356252b4adf6e6c9f"",""vanderbilt_candidate_review_queue_7fc5276448b68fdffd5d"",""vanderbilt_candidate_review_queue_8c9a531cf2838d5d86c6"",""vanderbilt_candidate_review_queue_aec1657d3f02c55b7bb8"",""vanderbilt_candidate_review_queue_bf90b22b9b919b69eda2"",""vanderbilt_candidate_review_queue_d9ad548a263ab524b3eb"",""vanderbilt_candidate_review_queue_e672b199f99d767847f9"",""vanderbilt_candidate_review_queue_ecdf268c38085d2588e4"",""vanderbilt_candidate_review_queue_edb0f72383c6ed86fda8"",""vanderbilt_candidate_review_queue_f13777926ebb8d9e0ce0"",""vanderbilt_candidate_review_queue_f59abccf011b2e84f233"",""vanderbilt_candidate_review_queue_f9217cd75e789577d23e""],""review_queue_lanes"":[""candidate_fingerprint_review""],""source_candidate_output_bridge_rowset_sha256"":""dfb141c1883d85fd6a8c7c0e015b939414788936eb13dbb04eecb9111ff5b843"",""source_decision_audit_rowset_sha256"":""e75fc27de3e1374e1e945efe207adbfb4cc04c4c7bc969afe4eaa3d0eb8e93de"",""source_decision_scaffold_rowset_sha256"":""29f91bd14647f1d9ee3eaa82dda6326e2b2d78f30c10041f31ac781f05353938"",""source_queue_approval_rowset_sha256"":""a62defd685b64560a138cfaeb82956254f49341ce982bb549fe1846b25dd5bd5"",""source_review_queue_rowset_sha256"":""b74b337bfa43406d8a200956d469eb5dc0d41902c197f78af85001f18750b148"",""source_scaffold_verification_rowset_sha256"":""24e03f71174cd456b4783457113d64d4b15185721fc86092ca2a5f47e7eb4260""}","Non-mutating bridge from Vanderbilt candidate-output coverage to review queues, decision scaffolds, and pending manual-decision audit rows. It records reviewer-decision readiness only. It does not fill reviewer decisions, accept people, ingest people, close denominators, verify Vanderbilt, rewrite URLs, accept enrichment facts, or collapse identities.",2026-06-09T08:25:57.081390+00:00
school_gap_resolution_review_queue_bridge_fa831548a37422dc1010,school_gap_resolution_db2a979fb7295562bc15,vanderbilt_program_residency-orthopaedic-surgery-https-www-vumc-org-ortho-resid_070825d0060d,Orthopaedic Surgery,scope_metadata_verified,2,2,2,2,2,2,0,0,pending_reviewer_decisions_ready,covered_by_review_queue_scaffold_and_pending_audit,exact_non_mutating_reviewer_decision_patch_or_future_acceptance_packet_required,0,false,false,false,false,false,"{""candidate_evidence_only"":true,""decision_scaffold_keys"":[""vanderbilt_candidate_review_decision_a181af2e439130d84054"",""vanderbilt_candidate_review_decision_478ae7417fdd6df722f4""],""queue_approval_keys"":[""vanderbilt_candidate_review_queue_approval_b75f425577c36b1dc20f"",""vanderbilt_candidate_review_queue_approval_884a777b15c568982b54""],""review_queue_keys"":[""vanderbilt_candidate_review_queue_45226d43ecce5e51c5db"",""vanderbilt_candidate_review_queue_4c8a53c8d7df64a46bd1""],""review_queue_lanes"":[""linked_scope_metadata_review"",""route_recourse_review""],""source_candidate_output_bridge_rowset_sha256"":""dfb141c1883d85fd6a8c7c0e015b939414788936eb13dbb04eecb9111ff5b843"",""source_decision_audit_rowset_sha256"":""e75fc27de3e1374e1e945efe207adbfb4cc04c4c7bc969afe4eaa3d0eb8e93de"",""source_decision_scaffold_rowset_sha256"":""29f91bd14647f1d9ee3eaa82dda6326e2b2d78f30c10041f31ac781f05353938"",""source_queue_approval_rowset_sha256"":""a62defd685b64560a138cfaeb82956254f49341ce982bb549fe1846b25dd5bd5"",""source_review_queue_rowset_sha256"":""b74b337bfa43406d8a200956d469eb5dc0d41902c197f78af85001f18750b148"",""source_scaffold_verification_rowset_sha256"":""24e03f71174cd456b4783457113d64d4b15185721fc86092ca2a5f47e7eb4260""}","Non-mutating bridge from Vanderbilt candidate-output coverage to review queues, decision scaffolds, and pending manual-decision audit rows. It records reviewer-decision readiness only. It does not fill reviewer decisions, accept people, ingest people, close denominators, verify Vanderbilt, rewrite URLs, accept enrichment facts, or collapse identities.",2026-06-09T08:25:57.081390+00:00
school_gap_resolution_review_queue_bridge_47aa92c85d8462a19277,school_gap_resolution_2ce2602fe81a45792925,vanderbilt_program_fellowship-pediatric-critical-care-https-pediatrics-vumc-org_54cc9ebcdb58,Pediatric Critical Care,candidate_fingerprints_verified,17,17,17,17,17,17,0,0,pending_reviewer_decisions_ready,covered_by_review_queue_scaffold_and_pending_audit,exact_non_mutating_reviewer_decision_patch_or_future_acceptance_packet_required,0,false,false,false,false,false,"{""candidate_evidence_only"":true,""decision_scaffold_keys"":[""vanderbilt_candidate_review_decision_000558092db223425092"",""vanderbilt_candidate_review_decision_195bce941db748afbc09"",""vanderbilt_candidate_review_decision_1c4116e9504caffecb7e"",""vanderbilt_candidate_review_decision_1d261733dbf3dbf83041"",""vanderbilt_candidate_review_decision_2af8f392411381102aec"",""vanderbilt_candidate_review_decision_2c2339f9c40e5f922f76"",""vanderbilt_candidate_review_decision_3a8e9aa702a2c42174ab"",""vanderbilt_candidate_review_decision_3c54b7da03b2d0efd22a"",""vanderbilt_candidate_review_decision_5540c3046b260d375120"",""vanderbilt_candidate_review_decision_65f2bb2be9a9b44845bc"",""vanderbilt_candidate_review_decision_67aa89f13c760d02bb2b"",""vanderbilt_candidate_review_decision_9880b8ca9c0bd172a006"",""vanderbilt_candidate_review_decision_9aece72550595f754fac"",""vanderbilt_candidate_review_decision_9c186011c562144f01f3"",""vanderbilt_candidate_review_decision_aa250805319a35e79aa6"",""vanderbilt_candidate_review_decision_f43a48facbfdc59989b9"",""vanderbilt_candidate_review_decision_feff5a5fb0b458fbcc5c""],""queue_approval_keys"":[""vanderbilt_candidate_review_queue_approval_494a1b82d1ad81972684"",""vanderbilt_candidate_review_queue_approval_f1813b1317baa8ad549e"",""vanderbilt_candidate_review_queue_approval_008da79f0eb8f464fa7c"",""vanderbilt_candidate_review_queue_approval_f468f497feaccac82962"",""vanderbilt_candidate_review_queue_approval_a0b2cd05bc9a48b4b443"",""vanderbilt_candidate_review_queue_approval_0133fda22308145087a8"",""vanderbilt_candidate_review_queue_approval_5159a503c039a76ec959"",""vanderbilt_candidate_review_queue_approval_c2911b11264b16425ace"",""vanderbilt_candidate_review_queue_approval_ebd33f17d987e18894bc"",""vanderbilt_candidate_review_queue_approval_fff5974a51e7eadf51d8"",""vanderbilt_candidate_review_queue_approval_1da4036e5dafa9390bd7"",""vanderbilt_candidate_review_queue_approval_c4c14372e170e9377481"",""vanderbilt_candidate_review_queue_approval_3bed8b7d8f0520016681"",""vanderbilt_candidate_review_queue_approval_c1e32d13ae27d5c53692"",""vanderbilt_candidate_review_queue_approval_efbbfa80583992d02507"",""vanderbilt_candidate_review_queue_approval_7cf896986f127531cc41"",""vanderbilt_candidate_review_queue_approval_b1983e6faddb179f539f""],""review_queue_keys"":[""vanderbilt_candidate_review_queue_070efffd6be020356356"",""vanderbilt_candidate_review_queue_11b9cc1dd2744f3d0fdc"",""vanderbilt_candidate_review_queue_1914110dbcd4cf8f997a"",""vanderbilt_candidate_review_queue_2b7f4100985914f09dde"",""vanderbilt_candidate_review_queue_5b12a70f608aabbec815"",""vanderbilt_candidate_review_queue_6ccefcb390eefc6b0b2e"",""vanderbilt_candidate_review_queue_73d9e89f74f36d57a6d2"",""vanderbilt_candidate_review_queue_83fafd9666c94fe32c62"",""vanderbilt_candidate_review_queue_96d0220dbdac9295bbc9"",""vanderbilt_candidate_review_queue_9d50c018a1b789e3e71b"",""vanderbilt_candidate_review_queue_a8c4f31eff4aaf5b0729"",""vanderbilt_candidate_review_queue_a8db4bd9872b970ce2e4"",""vanderbilt_candidate_review_queue_c00e8aa9dc657af7ce8a"",""vanderbilt_candidate_review_queue_de129c801a9fd26217d5"",""vanderbilt_candidate_review_queue_dee84149e870de627f9a"",""vanderbilt_candidate_review_queue_eba5e91520428dcd4c92"",""vanderbilt_candidate_review_queue_f8c69c3b847a1ee17c6f""],""review_queue_lanes"":[""candidate_fingerprint_review""],""source_candidate_output_bridge_rowset_sha256"":""dfb141c1883d85fd6a8c7c0e015b939414788936eb13dbb04eecb9111ff5b843"",""source_decision_audit_rowset_sha256"":""e75fc27de3e1374e1e945efe207adbfb4cc04c4c7bc969afe4eaa3d0eb8e93de"",""source_decision_scaffold_rowset_sha256"":""29f91bd14647f1d9ee3eaa82dda6326e2b2d78f30c10041f31ac781f05353938"",""source_queue_approval_rowset_sha256"":""a62defd685b64560a138cfaeb82956254f49341ce982bb549fe1846b25dd5bd5"",""source_review_queue_rowset_sha256"":""b74b337bfa43406d8a200956d469eb5dc0d41902c197f78af85001f18750b148"",""source_scaffold_verification_rowset_sha256"":""24e03f71174cd456b4783457113d64d4b15185721fc86092ca2a5f47e7eb4260""}","Non-mutating bridge from Vanderbilt candidate-output coverage to review queues, decision scaffolds, and pending manual-decision audit rows. It records reviewer-decision readiness only. It does not fill reviewer decisions, accept people, ingest people, close denominators, verify Vanderbilt, rewrite URLs, accept enrichment facts, or collapse identities.",2026-06-09T08:25:57.081390+00:00
school_gap_resolution_review_queue_bridge_8f7e6bca71d3c63660e7,school_gap_resolution_62172e6c6dacb6e00a3c,vanderbilt_program_fellowship-pediatric-emergency-medicine-https-pediatrics-vum_a6784ae6290b,Pediatric Emergency Medicine,candidate_fingerprints_verified,17,17,17,17,17,17,0,0,pending_reviewer_decisions_ready,covered_by_review_queue_scaffold_and_pending_audit,exact_non_mutating_reviewer_decision_patch_or_future_acceptance_packet_required,0,false,false,false,false,false,"{""candidate_evidence_only"":true,""decision_scaffold_keys"":[""vanderbilt_candidate_review_decision_08f521e6aafcb8be631f"",""vanderbilt_candidate_review_decision_0b425d9e4cb3eebc6120"",""vanderbilt_candidate_review_decision_34f527d9a6de4daa0084"",""vanderbilt_candidate_review_decision_3f8ba953ff0313ab0888"",""vanderbilt_candidate_review_decision_406f99ebf746cee465ed"",""vanderbilt_candidate_review_decision_42ac40bc2c32de5296b5"",""vanderbilt_candidate_review_decision_433d05ee6dd9dff84ad0"",""vanderbilt_candidate_review_decision_442baf8497c3b77f01e0"",""vanderbilt_candidate_review_decision_6173c1a1e23ec2a579c8"",""vanderbilt_candidate_review_decision_6b61e394b71d22795e80"",""vanderbilt_candidate_review_decision_7e8c9a1d78d0bc264346"",""vanderbilt_candidate_review_decision_9e0bf5b6d6fad4b650e7"",""vanderbilt_candidate_review_decision_a5e92ab69e9a463cce32"",""vanderbilt_candidate_review_decision_a8f11651d74ddc799f16"",""vanderbilt_candidate_review_decision_be8c08a59eaacf4ef821"",""vanderbilt_candidate_review_decision_eb938bebb506fa49526a"",""vanderbilt_candidate_review_decision_f7f0e0c2139c265ce686""],""queue_approval_keys"":[""vanderbilt_candidate_review_queue_approval_0bf0628b6d3e7f1e0634"",""vanderbilt_candidate_review_queue_approval_e054c1b3d5d3f8277b28"",""vanderbilt_candidate_review_queue_approval_40dea6a0024828aab6e6"",""vanderbilt_candidate_review_queue_approval_8df1277ab824c3add744"",""vanderbilt_candidate_review_queue_approval_9b647ac7dfbbb2afc7ca"",""vanderbilt_candidate_review_queue_approval_c2b612af3179379ce1e9"",""vanderbilt_candidate_review_queue_approval_8967b90cd7150447c571"",""vanderbilt_candidate_review_queue_approval_51c0774033840b271d70"",""vanderbilt_candidate_review_queue_approval_17b95798bef5468c279d"",""vanderbilt_candidate_review_queue_approval_df090b1c89ecf67ed829"",""vanderbilt_candidate_review_queue_approval_7c325612c12bd075c2a6"",""vanderbilt_candidate_review_queue_approval_7d485d5ff9716b306e69"",""vanderbilt_candidate_review_queue_approval_b553d4795373c0001e46"",""vanderbilt_candidate_review_queue_approval_427db666c0a27fa23e97"",""vanderbilt_candidate_review_queue_approval_151f2d56701b2e71af68"",""vanderbilt_candidate_review_queue_approval_77ffd65e9ff2d3145d82"",""vanderbilt_candidate_review_queue_approval_765ecb5cad62fb83f45b""],""review_queue_keys"":[""vanderbilt_candidate_review_queue_0607a64099abc997b5eb"",""vanderbilt_candidate_review_queue_06c8fb05122c74507a84"",""vanderbilt_candidate_review_queue_0b248a914bc2a7c7b27a"",""vanderbilt_candidate_review_queue_13845e14c6f4d072a306"",""vanderbilt_candidate_review_queue_292cd08612862b3f07a8"",""vanderbilt_candidate_review_queue_2a938d3d7db4c865bc0d"",""vanderbilt_candidate_review_queue_32a8cc6c32aadcce67c1"",""vanderbilt_candidate_review_queue_5b11ba45e5d2832cfce7"",""vanderbilt_candidate_review_queue_70b5ced9b7bb6f7ad23d"",""vanderbilt_candidate_review_queue_74ff94f717aff5bd0434"",""vanderbilt_candidate_review_queue_7eb4655db4048e91a2f9"",""vanderbilt_candidate_review_queue_9b16ed79fbd9998ead1a"",""vanderbilt_candidate_review_queue_a88144782e4633dc3144"",""vanderbilt_candidate_review_queue_ad008a4d0de28276a3cc"",""vanderbilt_candidate_review_queue_dac621a80f36c64663a9"",""vanderbilt_candidate_review_queue_e54288fb0758f9c0875d"",""vanderbilt_candidate_review_queue_f37c21b0818cecc636ef""],""review_queue_lanes"":[""candidate_fingerprint_review""],""source_candidate_output_bridge_rowset_sha256"":""dfb141c1883d85fd6a8c7c0e015b939414788936eb13dbb04eecb9111ff5b843"",""source_decision_audit_rowset_sha256"":""e75fc27de3e1374e1e945efe207adbfb4cc04c4c7bc969afe4eaa3d0eb8e93de"",""source_decision_scaffold_rowset_sha256"":""29f91bd14647f1d9ee3eaa82dda6326e2b2d78f30c10041f31ac781f05353938"",""source_queue_approval_rowset_sha256"":""a62defd685b64560a138cfaeb82956254f49341ce982bb549fe1846b25dd5bd5"",""source_review_queue_rowset_sha256"":""b74b337bfa43406d8a200956d469eb5dc0d41902c197f78af85001f18750b148"",""source_scaffold_verification_rowset_sha256"":""24e03f71174cd456b4783457113d64d4b15185721fc86092ca2a5f47e7eb4260""}","Non-mutating bridge from Vanderbilt candidate-output coverage to review queues, decision scaffolds, and pending manual-decision audit rows. It records reviewer-decision readiness only. It does not fill reviewer decisions, accept people, ingest people, close denominators, verify Vanderbilt, rewrite URLs, accept enrichment facts, or collapse identities.",2026-06-09T08:25:57.081390+00:00
school_gap_resolution_review_queue_bridge_3ff7709b8ea6ee22db34,school_gap_resolution_8503676648abe5715a63,vanderbilt_program_fellowship-pediatric-endocrinology-https-pediatrics-vumc-org_2949af87ab6f,Pediatric Endocrinology,candidate_fingerprints_verified,3,3,3,3,3,3,0,0,pending_reviewer_decisions_ready,covered_by_review_queue_scaffold_and_pending_audit,exact_non_mutating_reviewer_decision_patch_or_future_acceptance_packet_required,0,false,false,false,false,false,"{""candidate_evidence_only"":true,""decision_scaffold_keys"":[""vanderbilt_candidate_review_decision_187518156ed25186f5f8"",""vanderbilt_candidate_review_decision_99d0e2e06f64b39a4ef4"",""vanderbilt_candidate_review_decision_e691f5d2abf82fee3724""],""queue_approval_keys"":[""vanderbilt_candidate_review_queue_approval_4760a852ba9c20411cd9"",""vanderbilt_candidate_review_queue_approval_458415f9ca859bbc6aad"",""vanderbilt_candidate_review_queue_approval_b42ede5feb358d64061f""],""review_queue_keys"":[""vanderbilt_candidate_review_queue_23cec77a8adfd38c7424"",""vanderbilt_candidate_review_queue_9e86248a1a09511f0f22"",""vanderbilt_candidate_review_queue_f44813b85bf53c4b919b""],""review_queue_lanes"":[""candidate_fingerprint_review""],""source_candidate_output_bridge_rowset_sha256"":""dfb141c1883d85fd6a8c7c0e015b939414788936eb13dbb04eecb9111ff5b843"",""source_decision_audit_rowset_sha256"":""e75fc27de3e1374e1e945efe207adbfb4cc04c4c7bc969afe4eaa3d0eb8e93de"",""source_decision_scaffold_rowset_sha256"":""29f91bd14647f1d9ee3eaa82dda6326e2b2d78f30c10041f31ac781f05353938"",""source_queue_approval_rowset_sha256"":""a62defd685b64560a138cfaeb82956254f49341ce982bb549fe1846b25dd5bd5"",""source_review_queue_rowset_sha256"":""b74b337bfa43406d8a200956d469eb5dc0d41902c197f78af85001f18750b148"",""source_scaffold_verification_rowset_sha256"":""24e03f71174cd456b4783457113d64d4b15185721fc86092ca2a5f47e7eb4260""}","Non-mutating bridge from Vanderbilt candidate-output coverage to review queues, decision scaffolds, and pending manual-decision audit rows. It records reviewer-decision readiness only. It does not fill reviewer decisions, accept people, ingest people, close denominators, verify Vanderbilt, rewrite URLs, accept enrichment facts, or collapse identities.",2026-06-09T08:25:57.081390+00:00
school_gap_resolution_review_queue_bridge_9475564dfcadd47ddcd3,school_gap_resolution_d26f7d5d2b8956ceb42c,vanderbilt_program_fellowship-pediatric-gastroenterology-https-pediatrics-vumc-_f3304fa0a202,Pediatric Gastroenterology,candidate_fingerprints_verified,12,12,12,12,12,12,0,0,pending_reviewer_decisions_ready,covered_by_review_queue_scaffold_and_pending_audit,exact_non_mutating_reviewer_decision_patch_or_future_acceptance_packet_required,0,false,false,false,false,false,"{""candidate_evidence_only"":true,""decision_scaffold_keys"":[""vanderbilt_candidate_review_decision_08b160cc44e70efcd6f6"",""vanderbilt_candidate_review_decision_1f3203d851c000bac762"",""vanderbilt_candidate_review_decision_2b2f47048add44e39e3b"",""vanderbilt_candidate_review_decision_3ce590c2433a3a82b369"",""vanderbilt_candidate_review_decision_4430828654ae2f1aaaa3"",""vanderbilt_candidate_review_decision_45b37ddcba7a39d44f4f"",""vanderbilt_candidate_review_decision_4f3f2db066755bcdbd59"",""vanderbilt_candidate_review_decision_98aa82a8783433374fb0"",""vanderbilt_candidate_review_decision_b9465dbc79b999ee6a08"",""vanderbilt_candidate_review_decision_cb637ff0ae4cd45d0bb0"",""vanderbilt_candidate_review_decision_eeb766f6ed6944b88381"",""vanderbilt_candidate_review_decision_f91888004c9cf03e2a7a""],""queue_approval_keys"":[""vanderbilt_candidate_review_queue_approval_0d40d89e2a0c43c63c3f"",""vanderbilt_candidate_review_queue_approval_a2dc5cab69a3b42409a5"",""vanderbilt_candidate_review_queue_approval_a8eec1e4ac811ddf19de"",""vanderbilt_candidate_review_queue_approval_71d7c902091a61e43b0a"",""vanderbilt_candidate_review_queue_approval_6b428e88630dedfab397"",""vanderbilt_candidate_review_queue_approval_fb1c969b7b78326cdd6b"",""vanderbilt_candidate_review_queue_approval_12f1fe8da46272a00085"",""vanderbilt_candidate_review_queue_approval_0dcb71f858084ad6a2cd"",""vanderbilt_candidate_review_queue_approval_25300cf54ce768c1e6ef"",""vanderbilt_candidate_review_queue_approval_648d28eb1e5734c76a0e"",""vanderbilt_candidate_review_queue_approval_cb0f4258f7943da78878"",""vanderbilt_candidate_review_queue_approval_5b8fe46fcb5304e37448""],""review_queue_keys"":[""vanderbilt_candidate_review_queue_21acf602a54fda5dc25b"",""vanderbilt_candidate_review_queue_223e1bec5fe9e087ba26"",""vanderbilt_candidate_review_queue_46771813be8583157f4d"",""vanderbilt_candidate_review_queue_4c0121626bd9942079da"",""vanderbilt_candidate_review_queue_690bdb2c2cab8448efe0"",""vanderbilt_candidate_review_queue_7b26239d48780e72f1d4"",""vanderbilt_candidate_review_queue_920fb424bad185ef20ca"",""vanderbilt_candidate_review_queue_97236d24721d30f42783"",""vanderbilt_candidate_review_queue_a2eeee082db22ecdfee0"",""vanderbilt_candidate_review_queue_b855db90086977f5f2a9"",""vanderbilt_candidate_review_queue_bfa412862dbcc2bb2f30"",""vanderbilt_candidate_review_queue_e7340fb2ef10697bd6e3""],""review_queue_lanes"":[""candidate_fingerprint_review""],""source_candidate_output_bridge_rowset_sha256"":""dfb141c1883d85fd6a8c7c0e015b939414788936eb13dbb04eecb9111ff5b843"",""source_decision_audit_rowset_sha256"":""e75fc27de3e1374e1e945efe207adbfb4cc04c4c7bc969afe4eaa3d0eb8e93de"",""source_decision_scaffold_rowset_sha256"":""29f91bd14647f1d9ee3eaa82dda6326e2b2d78f30c10041f31ac781f05353938"",""source_queue_approval_rowset_sha256"":""a62defd685b64560a138cfaeb82956254f49341ce982bb549fe1846b25dd5bd5"",""source_review_queue_rowset_sha256"":""b74b337bfa43406d8a200956d469eb5dc0d41902c197f78af85001f18750b148"",""source_scaffold_verification_rowset_sha256"":""24e03f71174cd456b4783457113d64d4b15185721fc86092ca2a5f47e7eb4260""}","Non-mutating bridge from Vanderbilt candidate-output coverage to review queues, decision scaffolds, and pending manual-decision audit rows. It records reviewer-decision readiness only. It does not fill reviewer decisions, accept people, ingest people, close denominators, verify Vanderbilt, rewrite URLs, accept enrichment facts, or collapse identities.",2026-06-09T08:25:57.081390+00:00
school_gap_resolution_review_queue_bridge_c9e5b7c1177198831719,school_gap_resolution_09621a47c71f1d7789af,vanderbilt_program_fellowship-pediatric-hospital-medicine-https-pediatrics-vumc_fc2f034a3e09,Pediatric Hospital Medicine,candidate_fingerprints_verified,4,4,4,4,4,4,0,0,pending_reviewer_decisions_ready,covered_by_review_queue_scaffold_and_pending_audit,exact_non_mutating_reviewer_decision_patch_or_future_acceptance_packet_required,0,false,false,false,false,false,"{""candidate_evidence_only"":true,""decision_scaffold_keys"":[""vanderbilt_candidate_review_decision_0d7615b40fac98238677"",""vanderbilt_candidate_review_decision_2c4a46da84d601fdc8b2"",""vanderbilt_candidate_review_decision_68b3770d7502c8b20613"",""vanderbilt_candidate_review_decision_b2edf2db718c3b6f4e5f""],""queue_approval_keys"":[""vanderbilt_candidate_review_queue_approval_c0aaf1a3101404bf4820"",""vanderbilt_candidate_review_queue_approval_c5d7900189c9bdf97ae2"",""vanderbilt_candidate_review_queue_approval_d85d2c9ace8adc5e1ea8"",""vanderbilt_candidate_review_queue_approval_b817ccf8321f627bb034""],""review_queue_keys"":[""vanderbilt_candidate_review_queue_33906ca14c547d1c2ddd"",""vanderbilt_candidate_review_queue_6e42e6467d7dd97e28fd"",""vanderbilt_candidate_review_queue_93455308da8f26230550"",""vanderbilt_candidate_review_queue_e9507f4c388985993b9f""],""review_queue_lanes"":[""candidate_fingerprint_review""],""source_candidate_output_bridge_rowset_sha256"":""dfb141c1883d85fd6a8c7c0e015b939414788936eb13dbb04eecb9111ff5b843"",""source_decision_audit_rowset_sha256"":""e75fc27de3e1374e1e945efe207adbfb4cc04c4c7bc969afe4eaa3d0eb8e93de"",""source_decision_scaffold_rowset_sha256"":""29f91bd14647f1d9ee3eaa82dda6326e2b2d78f30c10041f31ac781f05353938"",""source_queue_approval_rowset_sha256"":""a62defd685b64560a138cfaeb82956254f49341ce982bb549fe1846b25dd5bd5"",""source_review_queue_rowset_sha256"":""b74b337bfa43406d8a200956d469eb5dc0d41902c197f78af85001f18750b148"",""source_scaffold_verification_rowset_sha256"":""24e03f71174cd456b4783457113d64d4b15185721fc86092ca2a5f47e7eb4260""}","Non-mutating bridge from Vanderbilt candidate-output coverage to review queues, decision scaffolds, and pending manual-decision audit rows. It records reviewer-decision readiness only. It does not fill reviewer decisions, accept people, ingest people, close denominators, verify Vanderbilt, rewrite URLs, accept enrichment facts, or collapse identities.",2026-06-09T08:25:57.081390+00:00
school_gap_resolution_review_queue_bridge_fd9b1ac012bd61056487,school_gap_resolution_5de022f01304cc11d0bc,vanderbilt_program_fellowship-pediatric-infectious-diseases-https-pediatrics-vu_29d33965c0cb,Pediatric Infectious Diseases,candidate_fingerprints_verified,10,10,10,10,10,10,0,0,pending_reviewer_decisions_ready,covered_by_review_queue_scaffold_and_pending_audit,exact_non_mutating_reviewer_decision_patch_or_future_acceptance_packet_required,0,false,false,false,false,false,"{""candidate_evidence_only"":true,""decision_scaffold_keys"":[""vanderbilt_candidate_review_decision_1161ab9b7b26310f79c4"",""vanderbilt_candidate_review_decision_2e558f343a8398beb1b3"",""vanderbilt_candidate_review_decision_3b10b36e3cfa38eabdce"",""vanderbilt_candidate_review_decision_53a126efd0e94eb4ec25"",""vanderbilt_candidate_review_decision_7dbc90bf2ee8a4e300dd"",""vanderbilt_candidate_review_decision_a054f5d1bcad9bf5174a"",""vanderbilt_candidate_review_decision_a80fe250b8bd8b10425b"",""vanderbilt_candidate_review_decision_b449342f72470a3d4639"",""vanderbilt_candidate_review_decision_d2dccc81b494ce2b434a"",""vanderbilt_candidate_review_decision_e2f027ecc01a13148e3a""],""queue_approval_keys"":[""vanderbilt_candidate_review_queue_approval_232aa1b42cbc2b76009b"",""vanderbilt_candidate_review_queue_approval_a266c1faf6f4b9e153fb"",""vanderbilt_candidate_review_queue_approval_84bd412663b608f66deb"",""vanderbilt_candidate_review_queue_approval_9d7bb7c9af64db108ccb"",""vanderbilt_candidate_review_queue_approval_f0ae26b140db71a463f8"",""vanderbilt_candidate_review_queue_approval_ab8b3360472dc6f4e7d7"",""vanderbilt_candidate_review_queue_approval_2c845c1ff8446a6c33dc"",""vanderbilt_candidate_review_queue_approval_0f39d0fbd08500b8528a"",""vanderbilt_candidate_review_queue_approval_d575dbdfb4b701f9c16a"",""vanderbilt_candidate_review_queue_approval_e120b669f93b003e3d99""],""review_queue_keys"":[""vanderbilt_candidate_review_queue_1e4ae629d459fd7ecbc3"",""vanderbilt_candidate_review_queue_1f8286a195bda6f02772"",""vanderbilt_candidate_review_queue_2d20fb634b7566cb50bb"",""vanderbilt_candidate_review_queue_350ff430576f7edd6cf4"",""vanderbilt_candidate_review_queue_5e07e23152dacb8162c7"",""vanderbilt_candidate_review_queue_6d0dc0d77933be39c4b3"",""vanderbilt_candidate_review_queue_97a2a4f48b2c25d1e1b0"",""vanderbilt_candidate_review_queue_9b2d4fce24a76098bbf5"",""vanderbilt_candidate_review_queue_d43a220abe5288cd11ed"",""vanderbilt_candidate_review_queue_d49960b7e532b18e4f5b""],""review_queue_lanes"":[""candidate_fingerprint_review""],""source_candidate_output_bridge_rowset_sha256"":""dfb141c1883d85fd6a8c7c0e015b939414788936eb13dbb04eecb9111ff5b843"",""source_decision_audit_rowset_sha256"":""e75fc27de3e1374e1e945efe207adbfb4cc04c4c7bc969afe4eaa3d0eb8e93de"",""source_decision_scaffold_rowset_sha256"":""29f91bd14647f1d9ee3eaa82dda6326e2b2d78f30c10041f31ac781f05353938"",""source_queue_approval_rowset_sha256"":""a62defd685b64560a138cfaeb82956254f49341ce982bb549fe1846b25dd5bd5"",""source_review_queue_rowset_sha256"":""b74b337bfa43406d8a200956d469eb5dc0d41902c197f78af85001f18750b148"",""source_scaffold_verification_rowset_sha256"":""24e03f71174cd456b4783457113d64d4b15185721fc86092ca2a5f47e7eb4260""}","Non-mutating bridge from Vanderbilt candidate-output coverage to review queues, decision scaffolds, and pending manual-decision audit rows. It records reviewer-decision readiness only. It does not fill reviewer decisions, accept people, ingest people, close denominators, verify Vanderbilt, rewrite URLs, accept enrichment facts, or collapse identities.",2026-06-09T08:25:57.081390+00:00
school_gap_resolution_review_queue_bridge_526901cedf8785394c6f,school_gap_resolution_7d545e5567d3a5931f78,vanderbilt_program_fellowship-pediatric-rheumatology-https-pediatrics-vumc-org-_fe613525342f,Pediatric Rheumatology,candidate_fingerprints_verified,4,4,4,4,4,4,0,0,pending_reviewer_decisions_ready,covered_by_review_queue_scaffold_and_pending_audit,exact_non_mutating_reviewer_decision_patch_or_future_acceptance_packet_required,0,false,false,false,false,false,"{""candidate_evidence_only"":true,""decision_scaffold_keys"":[""vanderbilt_candidate_review_decision_2fa08bca3fd480d0bea1"",""vanderbilt_candidate_review_decision_525b260760cfcfe48519"",""vanderbilt_candidate_review_decision_5db3cf46ba27f0ebb636"",""vanderbilt_candidate_review_decision_a31e2bae55953fbabf2d""],""queue_approval_keys"":[""vanderbilt_candidate_review_queue_approval_4110a771537f630f66aa"",""vanderbilt_candidate_review_queue_approval_b19d97df1d9f2c316bdb"",""vanderbilt_candidate_review_queue_approval_37b214a7f8fd47033f17"",""vanderbilt_candidate_review_queue_approval_f3757fdbb0a864c805d0""],""review_queue_keys"":[""vanderbilt_candidate_review_queue_156fae7d8f0ff05acfdb"",""vanderbilt_candidate_review_queue_6246055fe9abf146ffea"",""vanderbilt_candidate_review_queue_dce110d5e0fb6499b22e"",""vanderbilt_candidate_review_queue_f3b88301419812a3cda9""],""review_queue_lanes"":[""candidate_fingerprint_review""],""source_candidate_output_bridge_rowset_sha256"":""dfb141c1883d85fd6a8c7c0e015b939414788936eb13dbb04eecb9111ff5b843"",""source_decision_audit_rowset_sha256"":""e75fc27de3e1374e1e945efe207adbfb4cc04c4c7bc969afe4eaa3d0eb8e93de"",""source_decision_scaffold_rowset_sha256"":""29f91bd14647f1d9ee3eaa82dda6326e2b2d78f30c10041f31ac781f05353938"",""source_queue_approval_rowset_sha256"":""a62defd685b64560a138cfaeb82956254f49341ce982bb549fe1846b25dd5bd5"",""source_review_queue_rowset_sha256"":""b74b337bfa43406d8a200956d469eb5dc0d41902c197f78af85001f18750b148"",""source_scaffold_verification_rowset_sha256"":""24e03f71174cd456b4783457113d64d4b15185721fc86092ca2a5f47e7eb4260""}","Non-mutating bridge from Vanderbilt candidate-output coverage to review queues, decision scaffolds, and pending manual-decision audit rows. It records reviewer-decision readiness only. It does not fill reviewer decisions, accept people, ingest people, close denominators, verify Vanderbilt, rewrite URLs, accept enrichment facts, or collapse identities.",2026-06-09T08:25:57.081390+00:00
school_gap_resolution_review_queue_bridge_3396f73e1a0a7f9e6a1d,school_gap_resolution_0a4d5a3b1fcbc9cc24f1,vanderbilt_program_residency-pediatrics-https-pediatrics-vumc-org-residency_de4d3d621d7e,Pediatrics,candidate_fingerprints_verified,26,26,26,26,26,26,0,0,pending_reviewer_decisions_ready,covered_by_review_queue_scaffold_and_pending_audit,exact_non_mutating_reviewer_decision_patch_or_future_acceptance_packet_required,0,false,false,false,false,false,"{""candidate_evidence_only"":true,""decision_scaffold_keys"":[""vanderbilt_candidate_review_decision_07ccd9bb8f10dd2e3daa"",""vanderbilt_candidate_review_decision_1db3fd67a13820d59048"",""vanderbilt_candidate_review_decision_3b9cafc2148123ef92ed"",""vanderbilt_candidate_review_decision_3e8c916f0b00e69a44ec"",""vanderbilt_candidate_review_decision_402afe910fba7533d181"",""vanderbilt_candidate_review_decision_440746e26b9526099220"",""vanderbilt_candidate_review_decision_4b622385e02cb6c62a76"",""vanderbilt_candidate_review_decision_6626b04fe6aa86fb1fba"",""vanderbilt_candidate_review_decision_67bebfa54ef18640b04c"",""vanderbilt_candidate_review_decision_6b82801d3ce6f51617d6"",""vanderbilt_candidate_review_decision_7bee56d83c5beb11fd57"",""vanderbilt_candidate_review_decision_84c95ee8431fd2cde72e"",""vanderbilt_candidate_review_decision_a57565fa79607ec48839"",""vanderbilt_candidate_review_decision_a9e59f8b9a5a55c4b03c"",""vanderbilt_candidate_review_decision_b42825ee3d24c0fcaa97"",""vanderbilt_candidate_review_decision_b5916e1d7ed1b227ede4"",""vanderbilt_candidate_review_decision_c699687854c2be8e004d"",""vanderbilt_candidate_review_decision_ca4c4e9786251212590f"",""vanderbilt_candidate_review_decision_cad4bad3a39a616cade0"",""vanderbilt_candidate_review_decision_cd0f15b751901b3ba994"",""vanderbilt_candidate_review_decision_d3c95df9e3789cdf4ca9"",""vanderbilt_candidate_review_decision_da9c80cb4413de608550"",""vanderbilt_candidate_review_decision_dc530797675361b4126a"",""vanderbilt_candidate_review_decision_e0704cfb7c4ad645af08"",""vanderbilt_candidate_review_decision_ec3268f2cbbeb6921548"",""vanderbilt_candidate_review_decision_ef30633b672d6dcdbf30""],""queue_approval_keys"":[""vanderbilt_candidate_review_queue_approval_b4305aa656ae3287e4f4"",""vanderbilt_candidate_review_queue_approval_4da98174b7b53aa71834"",""vanderbilt_candidate_review_queue_approval_e4cb91094ee8948b8688"",""vanderbilt_candidate_review_queue_approval_85e760bbddb0e7836c05"",""vanderbilt_candidate_review_queue_approval_081cde105e2486bb23a0"",""vanderbilt_candidate_review_queue_approval_cacf2991604af65a8f1b"",""vanderbilt_candidate_review_queue_approval_1ed15b6d7a1f76a27be0"",""vanderbilt_candidate_review_queue_approval_2d1b3583fdde6209936f"",""vanderbilt_candidate_review_queue_approval_23900fb8783066b84b82"",""vanderbilt_candidate_review_queue_approval_878f9056fd93b8ca692c"",""vanderbilt_candidate_review_queue_approval_01dab583db9a921a44d8"",""vanderbilt_candidate_review_queue_approval_d2b90b27bdf8e50574a2"",""vanderbilt_candidate_review_queue_approval_f7f77532e890f03876d1"",""vanderbilt_candidate_review_queue_approval_2deed5efb615e57dee6c"",""vanderbilt_candidate_review_queue_approval_00e1fb96842450ef25b5"",""vanderbilt_candidate_review_queue_approval_5c8988dc9506240d0ffe"",""vanderbilt_candidate_review_queue_approval_bf4e359fca73365122f6"",""vanderbilt_candidate_review_queue_approval_6b5f0d562e6c40b340ee"",""vanderbilt_candidate_review_queue_approval_1726bd9e746ae831806e"",""vanderbilt_candidate_review_queue_approval_2988052a7d0eb664424d"",""vanderbilt_candidate_review_queue_approval_b6dcc7df2b244ff81d95"",""vanderbilt_candidate_review_queue_approval_13bb07fea51afcd66e4a"",""vanderbilt_candidate_review_queue_approval_7c24de1750143d3e224d"",""vanderbilt_candidate_review_queue_approval_44704e378832fa72c925"",""vanderbilt_candidate_review_queue_approval_be40c33b2ae95164a001"",""vanderbilt_candidate_review_queue_approval_96348c6416ff08a00653""],""review_queue_keys"":[""vanderbilt_candidate_review_queue_0c6c2723b88bc60d1d59"",""vanderbilt_candidate_review_queue_0d98da809ff4eb40b836"",""vanderbilt_candidate_review_queue_0eccd530fec059b78a47"",""vanderbilt_candidate_review_queue_1021908c5cb33522d9dc"",""vanderbilt_candidate_review_queue_2de94dcac92a0d591b7f"",""vanderbilt_candidate_review_queue_2e92bede125b0a843dd4"",""vanderbilt_candidate_review_queue_2fe9b7f1911fdc60f24c"",""vanderbilt_candidate_review_queue_3322d430214124b6a8e7"",""vanderbilt_candidate_review_queue_3902f4764a347da07f5d"",""vanderbilt_candidate_review_queue_4101988f6e13544f3cc8"",""vanderbilt_candidate_review_queue_51cdbf9a39d836178153"",""vanderbilt_candidate_review_queue_52df4c60caf7050eebbb"",""vanderbilt_candidate_review_queue_5fc4db1f7a7cb518df48"",""vanderbilt_candidate_review_queue_69aaa5013a1dc265b22d"",""vanderbilt_candidate_review_queue_69c6187c397cf6b3f4ab"",""vanderbilt_candidate_review_queue_7336d43ae0f67cd219c7"",""vanderbilt_candidate_review_queue_782a3b04f57a5adc99c1"",""vanderbilt_candidate_review_queue_844f54c7d12f2da2667e"",""vanderbilt_candidate_review_queue_9e26ec2c889273974699"",""vanderbilt_candidate_review_queue_9fd353b6bb5353415495"",""vanderbilt_candidate_review_queue_ad70985304d6985be5f9"",""vanderbilt_candidate_review_queue_c3601830af01abd10c06"",""vanderbilt_candidate_review_queue_d0e46c4323ad760bf89e"",""vanderbilt_candidate_review_queue_d345e2cb029f93a8c625"",""vanderbilt_candidate_review_queue_d45b2db045bf62866267"",""vanderbilt_candidate_review_queue_fa33372097bfb627ed61""],""review_queue_lanes"":[""candidate_fingerprint_review""],""source_candidate_output_bridge_rowset_sha256"":""dfb141c1883d85fd6a8c7c0e015b939414788936eb13dbb04eecb9111ff5b843"",""source_decision_audit_rowset_sha256"":""e75fc27de3e1374e1e945efe207adbfb4cc04c4c7bc969afe4eaa3d0eb8e93de"",""source_decision_scaffold_rowset_sha256"":""29f91bd14647f1d9ee3eaa82dda6326e2b2d78f30c10041f31ac781f05353938"",""source_queue_approval_rowset_sha256"":""a62defd685b64560a138cfaeb82956254f49341ce982bb549fe1846b25dd5bd5"",""source_review_queue_rowset_sha256"":""b74b337bfa43406d8a200956d469eb5dc0d41902c197f78af85001f18750b148"",""source_scaffold_verification_rowset_sha256"":""24e03f71174cd456b4783457113d64d4b15185721fc86092ca2a5f47e7eb4260""}","Non-mutating bridge from Vanderbilt candidate-output coverage to review queues, decision scaffolds, and pending manual-decision audit rows. It records reviewer-decision readiness only. It does not fill reviewer decisions, accept people, ingest people, close denominators, verify Vanderbilt, rewrite URLs, accept enrichment facts, or collapse identities.",2026-06-09T08:25:57.081390+00:00
school_gap_resolution_review_queue_bridge_9724ed6b17a34f59ccbc,school_gap_resolution_e5835ace6a6c64ded4d1,vanderbilt_program_residency-psychiatry-https-www-vumc-org-psychiatry-vanderbil_9e890001297c,Psychiatry,candidate_fingerprints_verified,9,9,9,9,9,9,0,0,pending_reviewer_decisions_ready,covered_by_review_queue_scaffold_and_pending_audit,exact_non_mutating_reviewer_decision_patch_or_future_acceptance_packet_required,0,false,false,false,false,false,"{""candidate_evidence_only"":true,""decision_scaffold_keys"":[""vanderbilt_candidate_review_decision_1737cab5cf9aafca4693"",""vanderbilt_candidate_review_decision_1b9c808cf88dd4427c57"",""vanderbilt_candidate_review_decision_52cbe961fb7a3fb3cc48"",""vanderbilt_candidate_review_decision_6e0f383045f9db4ce571"",""vanderbilt_candidate_review_decision_7a12d907cf24742b3043"",""vanderbilt_candidate_review_decision_a3e5537120d52192173e"",""vanderbilt_candidate_review_decision_a8f5daa739da10424016"",""vanderbilt_candidate_review_decision_ec8ca6ce966cd3760566"",""vanderbilt_candidate_review_decision_f0104522b0af1a39c2e3""],""queue_approval_keys"":[""vanderbilt_candidate_review_queue_approval_932bf3dc31ae9e47772f"",""vanderbilt_candidate_review_queue_approval_80f029114014e2f89cfa"",""vanderbilt_candidate_review_queue_approval_f054885fa19b816940b1"",""vanderbilt_candidate_review_queue_approval_c5d7a27177f7bd12ff91"",""vanderbilt_candidate_review_queue_approval_3f8faab98830118e136f"",""vanderbilt_candidate_review_queue_approval_5a262d694cc93f38d599"",""vanderbilt_candidate_review_queue_approval_9ab276199c10d9e57262"",""vanderbilt_candidate_review_queue_approval_6f8865afe53130010736"",""vanderbilt_candidate_review_queue_approval_557824479f4a28099c32""],""review_queue_keys"":[""vanderbilt_candidate_review_queue_17c3d21abbf15bed0c2c"",""vanderbilt_candidate_review_queue_337212b8157465978502"",""vanderbilt_candidate_review_queue_3382118831c00efb8886"",""vanderbilt_candidate_review_queue_72223889b8d7fc5988a1"",""vanderbilt_candidate_review_queue_a32b4d92d3135f1fe888"",""vanderbilt_candidate_review_queue_af255ca49ed3c9283e6d"",""vanderbilt_candidate_review_queue_bd3f25d8743fd4979652"",""vanderbilt_candidate_review_queue_d6802a552fdc6d704734"",""vanderbilt_candidate_review_queue_e48f18851df33b89263e""],""review_queue_lanes"":[""candidate_fingerprint_review""],""source_candidate_output_bridge_rowset_sha256"":""dfb141c1883d85fd6a8c7c0e015b939414788936eb13dbb04eecb9111ff5b843"",""source_decision_audit_rowset_sha256"":""e75fc27de3e1374e1e945efe207adbfb4cc04c4c7bc969afe4eaa3d0eb8e93de"",""source_decision_scaffold_rowset_sha256"":""29f91bd14647f1d9ee3eaa82dda6326e2b2d78f30c10041f31ac781f05353938"",""source_queue_approval_rowset_sha256"":""a62defd685b64560a138cfaeb82956254f49341ce982bb549fe1846b25dd5bd5"",""source_review_queue_rowset_sha256"":""b74b337bfa43406d8a200956d469eb5dc0d41902c197f78af85001f18750b148"",""source_scaffold_verification_rowset_sha256"":""24e03f71174cd456b4783457113d64d4b15185721fc86092ca2a5f47e7eb4260""}","Non-mutating bridge from Vanderbilt candidate-output coverage to review queues, decision scaffolds, and pending manual-decision audit rows. It records reviewer-decision readiness only. It does not fill reviewer decisions, accept people, ingest people, close denominators, verify Vanderbilt, rewrite URLs, accept enrichment facts, or collapse identities.",2026-06-09T08:25:57.081390+00:00
school_gap_resolution_review_queue_bridge_9acc166d1aa59dfd7ede,school_gap_resolution_a4912d3cb73b8b07a8d8,vanderbilt_program_fellowship-rheumatology-https-pediatrics-vumc-org-rheumatolo_8487e7467659,Rheumatology,candidate_fingerprints_verified,4,4,4,4,4,4,0,0,pending_reviewer_decisions_ready,covered_by_review_queue_scaffold_and_pending_audit,exact_non_mutating_reviewer_decision_patch_or_future_acceptance_packet_required,0,false,false,false,false,false,"{""candidate_evidence_only"":true,""decision_scaffold_keys"":[""vanderbilt_candidate_review_decision_64f1b6dd5bbfec30f409"",""vanderbilt_candidate_review_decision_70b423a18038f860e481"",""vanderbilt_candidate_review_decision_778d5f11a71c60b64140"",""vanderbilt_candidate_review_decision_a3c6f42debfa7e938c33""],""queue_approval_keys"":[""vanderbilt_candidate_review_queue_approval_fe64a266ac15ce9d71a6"",""vanderbilt_candidate_review_queue_approval_48c37eb90b716865383f"",""vanderbilt_candidate_review_queue_approval_4636258e858d1be1818c"",""vanderbilt_candidate_review_queue_approval_114dc3bfea26a8957085""],""review_queue_keys"":[""vanderbilt_candidate_review_queue_691e80598c0adb2ca7d5"",""vanderbilt_candidate_review_queue_6c635b7694599bc08fa4"",""vanderbilt_candidate_review_queue_8ff54e132f340e61ba90"",""vanderbilt_candidate_review_queue_ab6daa9df12278e247b8""],""review_queue_lanes"":[""candidate_fingerprint_review""],""source_candidate_output_bridge_rowset_sha256"":""dfb141c1883d85fd6a8c7c0e015b939414788936eb13dbb04eecb9111ff5b843"",""source_decision_audit_rowset_sha256"":""e75fc27de3e1374e1e945efe207adbfb4cc04c4c7bc969afe4eaa3d0eb8e93de"",""source_decision_scaffold_rowset_sha256"":""29f91bd14647f1d9ee3eaa82dda6326e2b2d78f30c10041f31ac781f05353938"",""source_queue_approval_rowset_sha256"":""a62defd685b64560a138cfaeb82956254f49341ce982bb549fe1846b25dd5bd5"",""source_review_queue_rowset_sha256"":""b74b337bfa43406d8a200956d469eb5dc0d41902c197f78af85001f18750b148"",""source_scaffold_verification_rowset_sha256"":""24e03f71174cd456b4783457113d64d4b15185721fc86092ca2a5f47e7eb4260""}","Non-mutating bridge from Vanderbilt candidate-output coverage to review queues, decision scaffolds, and pending manual-decision audit rows. It records reviewer-decision readiness only. It does not fill reviewer decisions, accept people, ingest people, close denominators, verify Vanderbilt, rewrite URLs, accept enrichment facts, or collapse identities.",2026-06-09T08:25:57.081390+00:00
school_gap_resolution_review_queue_bridge_aad0cf5fe36cb9b7e004,school_gap_resolution_a1e556a92063110193f1,vanderbilt_program_fellowship-transplant-hepatology-https-medicine-vumc-org-tra_d36cd8651f0d,Transplant Hepatology,candidate_fingerprints_verified,10,10,10,10,10,10,0,0,pending_reviewer_decisions_ready,covered_by_review_queue_scaffold_and_pending_audit,exact_non_mutating_reviewer_decision_patch_or_future_acceptance_packet_required,0,false,false,false,false,false,"{""candidate_evidence_only"":true,""decision_scaffold_keys"":[""vanderbilt_candidate_review_decision_2892bf0f1cc114132114"",""vanderbilt_candidate_review_decision_2cf7933767b8a9a64365"",""vanderbilt_candidate_review_decision_4518a59d7c969d06a20f"",""vanderbilt_candidate_review_decision_60920b587e85bca6f2f0"",""vanderbilt_candidate_review_decision_887c9337fe565db0d3bc"",""vanderbilt_candidate_review_decision_8adacb39871c9f5424d7"",""vanderbilt_candidate_review_decision_aebff723c076f9a32aa3"",""vanderbilt_candidate_review_decision_c43ef3c39ee3286a9378"",""vanderbilt_candidate_review_decision_fa4aacf41651bee87975"",""vanderbilt_candidate_review_decision_feaab42de844f4c0a32d""],""queue_approval_keys"":[""vanderbilt_candidate_review_queue_approval_337bb9e465970f1b99a7"",""vanderbilt_candidate_review_queue_approval_072aa3fb794fdec635b7"",""vanderbilt_candidate_review_queue_approval_f521a59b2769742b5498"",""vanderbilt_candidate_review_queue_approval_688c81725f91c429e35e"",""vanderbilt_candidate_review_queue_approval_4e05008119bf6ea425b5"",""vanderbilt_candidate_review_queue_approval_a3490951dfa4cadde2bd"",""vanderbilt_candidate_review_queue_approval_5bb07d90131e4c3b8325"",""vanderbilt_candidate_review_queue_approval_e65326c0b0179327ac51"",""vanderbilt_candidate_review_queue_approval_da622e8f583c1ec10b3c"",""vanderbilt_candidate_review_queue_approval_7ae0f338776cba7c1d2b""],""review_queue_keys"":[""vanderbilt_candidate_review_queue_1f52ed7d8340e0bc0645"",""vanderbilt_candidate_review_queue_24d2aa8d53dbe2e12f82"",""vanderbilt_candidate_review_queue_2fcc5f48d8c6e152e2cb"",""vanderbilt_candidate_review_queue_448e36d53a283ac7aecf"",""vanderbilt_candidate_review_queue_630e5663a4f3516c0cb9"",""vanderbilt_candidate_review_queue_abf4815195cd21dda4c4"",""vanderbilt_candidate_review_queue_b6937844d784c2c15c5d"",""vanderbilt_candidate_review_queue_c767de9885f981d0a979"",""vanderbilt_candidate_review_queue_c9091ef5b6469a7e7d0f"",""vanderbilt_candidate_review_queue_f8775db544c37d01b045""],""review_queue_lanes"":[""candidate_fingerprint_review""],""source_candidate_output_bridge_rowset_sha256"":""dfb141c1883d85fd6a8c7c0e015b939414788936eb13dbb04eecb9111ff5b843"",""source_decision_audit_rowset_sha256"":""e75fc27de3e1374e1e945efe207adbfb4cc04c4c7bc969afe4eaa3d0eb8e93de"",""source_decision_scaffold_rowset_sha256"":""29f91bd14647f1d9ee3eaa82dda6326e2b2d78f30c10041f31ac781f05353938"",""source_queue_approval_rowset_sha256"":""a62defd685b64560a138cfaeb82956254f49341ce982bb549fe1846b25dd5bd5"",""source_review_queue_rowset_sha256"":""b74b337bfa43406d8a200956d469eb5dc0d41902c197f78af85001f18750b148"",""source_scaffold_verification_rowset_sha256"":""24e03f71174cd456b4783457113d64d4b15185721fc86092ca2a5f47e7eb4260""}","Non-mutating bridge from Vanderbilt candidate-output coverage to review queues, decision scaffolds, and pending manual-decision audit rows. It records reviewer-decision readiness only. It does not fill reviewer decisions, accept people, ingest people, close denominators, verify Vanderbilt, rewrite URLs, accept enrichment facts, or collapse identities.",2026-06-09T08:25:57.081390+00:00
